file	line	declaration	note
lib/screens/actor_media_screen.dart	207	CustomAppBar(title: Text(widget.actorName), pinned: true, actions: buildFocusableAppBarActions()),	Code-inventaris; platformvoorwaarden en runtime-bereikbaarheid nog per route toetsen
lib/screens/auth/plex_pin_auth_flow.dart	316	onPressed: _retry,	Code-inventaris; platformvoorwaarden en runtime-bereikbaarheid nog per route toetsen
lib/screens/auth/plex_pin_auth_flow.dart	318	onPressed: _retry,	Code-inventaris; platformvoorwaarden en runtime-bereikbaarheid nog per route toetsen
lib/screens/auth/plex_pin_auth_flow.dart	327	onPressed: _switchToJellyfin,	Code-inventaris; platformvoorwaarden en runtime-bereikbaarheid nog per route toetsen
lib/screens/auth/plex_pin_auth_flow.dart	329	onPressed: _switchToJellyfin,	Code-inventaris; platformvoorwaarden en runtime-bereikbaarheid nog per route toetsen
lib/screens/auth/plex_pin_auth_flow.dart	356	onPressed: _switchToJellyfin,	Code-inventaris; platformvoorwaarden en runtime-bereikbaarheid nog per route toetsen
lib/screens/auth/plex_pin_auth_flow.dart	358	onPressed: _switchToJellyfin,	Code-inventaris; platformvoorwaarden en runtime-bereikbaarheid nog per route toetsen
lib/screens/auth/plex_pin_auth_flow.dart	447	onPressed: busy ? null : browser,	Code-inventaris; platformvoorwaarden en runtime-bereikbaarheid nog per route toetsen
lib/screens/auth/plex_pin_auth_flow.dart	448	child: FilledButton(onPressed: busy ? null : browser, child: Text(t.auth.signInWithPlex)),	Code-inventaris; platformvoorwaarden en runtime-bereikbaarheid nog per route toetsen
lib/screens/auth/plex_pin_auth_flow.dart	452	onPressed: busy ? null : qr,	Code-inventaris; platformvoorwaarden en runtime-bereikbaarheid nog per route toetsen
lib/screens/auth/plex_pin_auth_flow.dart	453	child: OutlinedButton(onPressed: busy ? null : qr, child: Text(t.auth.showQRCode)),	Code-inventaris; platformvoorwaarden en runtime-bereikbaarheid nog per route toetsen
lib/screens/auth/plex_pin_auth_flow.dart	492	onPressed: _retry,	Code-inventaris; platformvoorwaarden en runtime-bereikbaarheid nog per route toetsen
lib/screens/auth/plex_pin_auth_flow.dart	494	onPressed: _retry,	Code-inventaris; platformvoorwaarden en runtime-bereikbaarheid nog per route toetsen
lib/screens/auth/plex_pin_auth_flow.dart	523	onPressed: _retry,	Code-inventaris; platformvoorwaarden en runtime-bereikbaarheid nog per route toetsen
lib/screens/auth/plex_pin_auth_flow.dart	525	onPressed: _retry,	Code-inventaris; platformvoorwaarden en runtime-bereikbaarheid nog per route toetsen
lib/screens/auth_screen.dart	489	onPressed: onPressed,	Code-inventaris; platformvoorwaarden en runtime-bereikbaarheid nog per route toetsen
lib/screens/auth_screen.dart	526	onPressed: busy ? null : plexAction,	Code-inventaris; platformvoorwaarden en runtime-bereikbaarheid nog per route toetsen
lib/screens/auth_screen.dart	528	onPressed: busy ? null : plexAction,	Code-inventaris; platformvoorwaarden en runtime-bereikbaarheid nog per route toetsen
lib/screens/auth_screen.dart	542	onPressed: openJellyfin,	Code-inventaris; platformvoorwaarden en runtime-bereikbaarheid nog per route toetsen
lib/screens/auth_screen.dart	544	onPressed: openJellyfin,	Code-inventaris; platformvoorwaarden en runtime-bereikbaarheid nog per route toetsen
lib/screens/auth_screen.dart	561	onPressed: busy ? null : (isTV ? startBrowser : startQr),	Code-inventaris; platformvoorwaarden en runtime-bereikbaarheid nog per route toetsen
lib/screens/auth_screen.dart	563	onPressed: busy ? null : (isTV ? startBrowser : startQr),	Code-inventaris; platformvoorwaarden en runtime-bereikbaarheid nog per route toetsen
lib/screens/auth_screen.dart	572	onPressed: _handleDebugTap,	Code-inventaris; platformvoorwaarden en runtime-bereikbaarheid nog per route toetsen
lib/screens/auth_screen.dart	574	onPressed: _handleDebugTap,	Code-inventaris; platformvoorwaarden en runtime-bereikbaarheid nog per route toetsen
lib/screens/auth_screen.dart	654	onPressed: onRetry,	Code-inventaris; platformvoorwaarden en runtime-bereikbaarheid nog per route toetsen
lib/screens/auth_screen.dart	656	onPressed: onRetry,	Code-inventaris; platformvoorwaarden en runtime-bereikbaarheid nog per route toetsen
lib/screens/auth_screen.dart	665	onPressed: onConnectJellyfin,	Code-inventaris; platformvoorwaarden en runtime-bereikbaarheid nog per route toetsen
lib/screens/auth_screen.dart	667	onPressed: onConnectJellyfin,	Code-inventaris; platformvoorwaarden en runtime-bereikbaarheid nog per route toetsen
lib/screens/auth_screen.dart	741	title: const Text('Debug: Enter Plex Token'),	Code-inventaris; platformvoorwaarden en runtime-bereikbaarheid nog per route toetsen
lib/screens/auth_screen.dart	761	DialogActionButton(onPressed: _busy ? () {} : () => Navigator.of(context).pop(), label: t.common.cancel),	Code-inventaris; platformvoorwaarden en runtime-bereikbaarheid nog per route toetsen
lib/screens/auth_screen.dart	762	DialogActionButton(onPressed: _busy ? () {} : _submit, label: t.auth.authenticate, isPrimary: true),	Code-inventaris; platformvoorwaarden en runtime-bereikbaarheid nog per route toetsen
lib/screens/base_media_list_detail_screen.dart	146	onPressed: playItems,	Code-inventaris; platformvoorwaarden en runtime-bereikbaarheid nog per route toetsen
lib/screens/base_media_list_detail_screen.dart	153	onPressed: shufflePlayItems,	Code-inventaris; platformvoorwaarden en runtime-bereikbaarheid nog per route toetsen
lib/screens/base_media_list_detail_screen.dart	160	onPressed: onDelete,	Code-inventaris; platformvoorwaarden en runtime-bereikbaarheid nog per route toetsen
lib/screens/collection_detail_screen.dart	140	FocusableAction(icon: Symbols.play_arrow_rounded, tooltip: t.common.play, onPressed: playItems),	Code-inventaris; platformvoorwaarden en runtime-bereikbaarheid nog per route toetsen
lib/screens/collection_detail_screen.dart	141	FocusableAction(icon: Symbols.shuffle_rounded, tooltip: t.common.shuffle, onPressed: shufflePlayItems),	Code-inventaris; platformvoorwaarden en runtime-bereikbaarheid nog per route toetsen
lib/screens/collection_detail_screen.dart	147	onPressed: hasRule ? _manageCollectionSyncRule : _downloadCollection,	Code-inventaris; platformvoorwaarden en runtime-bereikbaarheid nog per route toetsen
lib/screens/collection_detail_screen.dart	154	onPressed: _removeCollectionSyncRule,	Code-inventaris; platformvoorwaarden en runtime-bereikbaarheid nog per route toetsen
lib/screens/collection_detail_screen.dart	159	onPressed: _deleteCollection,	Code-inventaris; platformvoorwaarden en runtime-bereikbaarheid nog per route toetsen
lib/screens/collection_detail_screen.dart	219	title: t.collections.deleteCollection,	Code-inventaris; platformvoorwaarden en runtime-bereikbaarheid nog per route toetsen
lib/screens/collection_detail_screen.dart	220	message: t.collections.deleteConfirm(title: widget.collection.displayTitle),	Code-inventaris; platformvoorwaarden en runtime-bereikbaarheid nog per route toetsen
lib/screens/collection_detail_screen.dart	254	CustomAppBar(title: Text(widget.collection.title!), actions: buildFocusableAppBarActions()),	Code-inventaris; platformvoorwaarden en runtime-bereikbaarheid nog per route toetsen
lib/screens/collection_detail_screen.dart	307	title: t.collections.removeFromCollection,	Code-inventaris; platformvoorwaarden en runtime-bereikbaarheid nog per route toetsen
lib/screens/collection_detail_screen.dart	308	message: t.collections.removeFromCollectionConfirm(title: item.displayTitle),	Code-inventaris; platformvoorwaarden en runtime-bereikbaarheid nog per route toetsen
lib/screens/companion_remote/mobile_remote_screen.dart	36	title: Text(t.companionRemote.title),	Code-inventaris; platformvoorwaarden en runtime-bereikbaarheid nog per route toetsen
lib/screens/companion_remote/mobile_remote_screen.dart	43	onPressed: () async {	Code-inventaris; platformvoorwaarden en runtime-bereikbaarheid nog per route toetsen
lib/screens/companion_remote/mobile_remote_screen.dart	46	title: t.common.disconnect,	Code-inventaris; platformvoorwaarden en runtime-bereikbaarheid nog per route toetsen
lib/screens/companion_remote/mobile_remote_screen.dart	83	OutlinedButton(onPressed: () => provider.cancelReconnect(), child: Text(t.common.cancel)),	Code-inventaris; platformvoorwaarden en runtime-bereikbaarheid nog per route toetsen
lib/screens/companion_remote/mobile_remote_screen.dart	86	onPressed: () => provider.retryReconnectNow(),	Code-inventaris; platformvoorwaarden en runtime-bereikbaarheid nog per route toetsen
lib/screens/companion_remote/mobile_remote_screen.dart	246	onPressed: () => _sendCommand(RemoteCommandType.home),	Code-inventaris; platformvoorwaarden en runtime-bereikbaarheid nog per route toetsen
lib/screens/companion_remote/mobile_remote_screen.dart	251	onPressed: () => _sendCommand(RemoteCommandType.back),	Code-inventaris; platformvoorwaarden en runtime-bereikbaarheid nog per route toetsen
lib/screens/companion_remote/mobile_remote_screen.dart	256	onPressed: () => _sendCommand(RemoteCommandType.contextMenu),	Code-inventaris; platformvoorwaarden en runtime-bereikbaarheid nog per route toetsen
lib/screens/companion_remote/mobile_remote_screen.dart	274	onPressed: () => _sendCommand(RemoteCommandType.tabDiscover),	Code-inventaris; platformvoorwaarden en runtime-bereikbaarheid nog per route toetsen
lib/screens/companion_remote/mobile_remote_screen.dart	279	onPressed: () => _sendCommand(RemoteCommandType.tabLibraries),	Code-inventaris; platformvoorwaarden en runtime-bereikbaarheid nog per route toetsen
lib/screens/companion_remote/mobile_remote_screen.dart	284	onPressed: () => _showSearchSheet(switchToSearchTab: true),	Code-inventaris; platformvoorwaarden en runtime-bereikbaarheid nog per route toetsen
lib/screens/companion_remote/mobile_remote_screen.dart	289	onPressed: () => _sendCommand(RemoteCommandType.tabDownloads),	Code-inventaris; platformvoorwaarden en runtime-bereikbaarheid nog per route toetsen
lib/screens/companion_remote/mobile_remote_screen.dart	294	onPressed: () => _sendCommand(RemoteCommandType.tabSettings),	Code-inventaris; platformvoorwaarden en runtime-bereikbaarheid nog per route toetsen
lib/screens/companion_remote/mobile_remote_screen.dart	313	onPressed: () => _sendCommand(RemoteCommandType.previousTrack),	Code-inventaris; platformvoorwaarden en runtime-bereikbaarheid nog per route toetsen
lib/screens/companion_remote/mobile_remote_screen.dart	321	onPressed: () => _sendCommand(RemoteCommandType.playPause),	Code-inventaris; platformvoorwaarden en runtime-bereikbaarheid nog per route toetsen
lib/screens/companion_remote/mobile_remote_screen.dart	327	onPressed: () => _sendCommand(RemoteCommandType.nextTrack),	Code-inventaris; platformvoorwaarden en runtime-bereikbaarheid nog per route toetsen
lib/screens/companion_remote/mobile_remote_screen.dart	338	onPressed: () => _sendCommand(RemoteCommandType.seekBackward),	Code-inventaris; platformvoorwaarden en runtime-bereikbaarheid nog per route toetsen
lib/screens/companion_remote/mobile_remote_screen.dart	344	onPressed: () => _sendCommand(RemoteCommandType.stop),	Code-inventaris; platformvoorwaarden en runtime-bereikbaarheid nog per route toetsen
lib/screens/companion_remote/mobile_remote_screen.dart	350	onPressed: () => _sendCommand(RemoteCommandType.seekForward),	Code-inventaris; platformvoorwaarden en runtime-bereikbaarheid nog per route toetsen
lib/screens/companion_remote/mobile_remote_screen.dart	363	onPressed: () => _sendCommand(RemoteCommandType.volumeMute),	Code-inventaris; platformvoorwaarden en runtime-bereikbaarheid nog per route toetsen
lib/screens/companion_remote/mobile_remote_screen.dart	369	onPressed: () => _sendCommand(RemoteCommandType.volumeDown),	Code-inventaris; platformvoorwaarden en runtime-bereikbaarheid nog per route toetsen
lib/screens/companion_remote/mobile_remote_screen.dart	375	onPressed: () => _sendCommand(RemoteCommandType.volumeUp),	Code-inventaris; platformvoorwaarden en runtime-bereikbaarheid nog per route toetsen
lib/screens/companion_remote/mobile_remote_screen.dart	394	if (!isPlayerActive) _RemoteCard(icon: Icons.search, label: t.common.search, onPressed: _showSearchSheet),	Code-inventaris; platformvoorwaarden en runtime-bereikbaarheid nog per route toetsen
lib/screens/companion_remote/mobile_remote_screen.dart	399	onPressed: () => _sendCommand(RemoteCommandType.fullscreen),	Code-inventaris; platformvoorwaarden en runtime-bereikbaarheid nog per route toetsen
lib/screens/companion_remote/mobile_remote_screen.dart	404	onPressed: () => _sendCommand(RemoteCommandType.subtitles),	Code-inventaris; platformvoorwaarden en runtime-bereikbaarheid nog per route toetsen
lib/screens/companion_remote/mobile_remote_screen.dart	409	onPressed: () => _sendCommand(RemoteCommandType.audioTracks),	Code-inventaris; platformvoorwaarden en runtime-bereikbaarheid nog per route toetsen
lib/screens/companion_remote/mobile_remote_screen.dart	444	onTap: () => onCommand(RemoteCommandType.dpadUp),	Code-inventaris; platformvoorwaarden en runtime-bereikbaarheid nog per route toetsen
lib/screens/companion_remote/mobile_remote_screen.dart	449	onTap: () => onCommand(RemoteCommandType.dpadRight),	Code-inventaris; platformvoorwaarden en runtime-bereikbaarheid nog per route toetsen
lib/screens/companion_remote/mobile_remote_screen.dart	454	onTap: () => onCommand(RemoteCommandType.dpadDown),	Code-inventaris; platformvoorwaarden en runtime-bereikbaarheid nog per route toetsen
lib/screens/companion_remote/mobile_remote_screen.dart	459	onTap: () => onCommand(RemoteCommandType.dpadLeft),	Code-inventaris; platformvoorwaarden en runtime-bereikbaarheid nog per route toetsen
lib/screens/companion_remote/mobile_remote_screen.dart	461	Center(child: _DPadCenter(onTap: () => onCommand(RemoteCommandType.select))),	Code-inventaris; platformvoorwaarden en runtime-bereikbaarheid nog per route toetsen
lib/screens/companion_remote/mobile_remote_screen.dart	505	onTap: () {	Code-inventaris; platformvoorwaarden en runtime-bereikbaarheid nog per route toetsen
lib/screens/companion_remote/mobile_remote_screen.dart	542	onTap: () {	Code-inventaris; platformvoorwaarden en runtime-bereikbaarheid nog per route toetsen
lib/screens/companion_remote/mobile_remote_screen.dart	622	onPressed: () {	Code-inventaris; platformvoorwaarden en runtime-bereikbaarheid nog per route toetsen
lib/screens/companion_remote/mobile_remote_screen.dart	647	onPressed: () {	Code-inventaris; platformvoorwaarden en runtime-bereikbaarheid nog per route toetsen
lib/screens/companion_remote/mobile_remote_screen.dart	691	suffixIcon: IconButton(icon: const Icon(Icons.send), onPressed: () => _submit(_controller.text)),	Code-inventaris; platformvoorwaarden en runtime-bereikbaarheid nog per route toetsen
lib/screens/companion_remote/mobile_remote_screen.dart	716	onTap: () {	Code-inventaris; platformvoorwaarden en runtime-bereikbaarheid nog per route toetsen
lib/screens/discover_screen.dart	609	onSelect: () {	Code-inventaris; platformvoorwaarden en runtime-bereikbaarheid nog per route toetsen
lib/screens/discover_screen.dart	976	onPressed: _switchingProfile ? null : () => _userMenuKey.currentState?.showButtonMenu(focusFirstItem: true),	Code-inventaris; platformvoorwaarden en runtime-bereikbaarheid nog per route toetsen
lib/screens/discover_screen.dart	1152	onPressed: _handleRefreshPressed,	Code-inventaris; platformvoorwaarden en runtime-bereikbaarheid nog per route toetsen
lib/screens/discover_screen.dart	1153	child: DiscoverRefreshAction(color: foregroundColor, onPressed: _handleRefreshPressed),	Code-inventaris; platformvoorwaarden en runtime-bereikbaarheid nog per route toetsen
lib/screens/discover_screen.dart	1161	onPressed: () => _nowWatchingButtonKey.currentState?.togglePanel(),	Code-inventaris; platformvoorwaarden en runtime-bereikbaarheid nog per route toetsen
lib/screens/discover_screen.dart	1166	onPressed: () =>	Code-inventaris; platformvoorwaarden en runtime-bereikbaarheid nog per route toetsen
lib/screens/discover_screen.dart	1176	onPressed: () => Navigator.push(	Code-inventaris; platformvoorwaarden en runtime-bereikbaarheid nog per route toetsen
lib/screens/discover_screen.dart	1203	onPressed: () {	Code-inventaris; platformvoorwaarden en runtime-bereikbaarheid nog per route toetsen
lib/screens/discover_screen.dart	1221	onPressed: () {	Code-inventaris; platformvoorwaarden en runtime-bereikbaarheid nog per route toetsen
lib/screens/discover_screen.dart	1261	onPressed: () => _serverActivitiesButtonKey.currentState?.togglePanel(),	Code-inventaris; platformvoorwaarden en runtime-bereikbaarheid nog per route toetsen
lib/screens/discover_screen.dart	1369	title: t.discover.continueWatching,	Code-inventaris; platformvoorwaarden en runtime-bereikbaarheid nog per route toetsen
lib/screens/discover_screen.dart	1417	title: t.discover.noContentAvailable,	Code-inventaris; platformvoorwaarden en runtime-bereikbaarheid nog per route toetsen
lib/screens/discover_screen.dart	1571	onTap: () {	Code-inventaris; platformvoorwaarden en runtime-bereikbaarheid nog per route toetsen
lib/screens/discover_screen.dart	1733	// No ad-hoc glow/shadow on the title: the scrim gradient already provides	Code-inventaris; platformvoorwaarden en runtime-bereikbaarheid nog per route toetsen
lib/screens/discover_screen.dart	1763	onTap: () {	Code-inventaris; platformvoorwaarden en runtime-bereikbaarheid nog per route toetsen
lib/screens/discover_screen.dart	2026	onTap: () {	Code-inventaris; platformvoorwaarden en runtime-bereikbaarheid nog per route toetsen
lib/screens/downloads/downloads_screen.dart	124	title: _buildAppBarTitle(),	Code-inventaris; platformvoorwaarden en runtime-bereikbaarheid nog per route toetsen
lib/screens/downloads/downloads_screen.dart	140	onPressed: () =>	Code-inventaris; platformvoorwaarden en runtime-bereikbaarheid nog per route toetsen
lib/screens/downloads/downloads_screen.dart	339	title: t.downloads.noDownloads,	Code-inventaris; platformvoorwaarden en runtime-bereikbaarheid nog per route toetsen
lib/screens/downloads/sync_rules_screen.dart	38	title: Text(t.downloads.activeSyncRules),	Code-inventaris; platformvoorwaarden en runtime-bereikbaarheid nog per route toetsen
lib/screens/downloads/sync_rules_screen.dart	242	onSelect: () => _onTap(context),	Code-inventaris; platformvoorwaarden en runtime-bereikbaarheid nog per route toetsen
lib/screens/downloads/sync_rules_screen.dart	251	title: Text(title, maxLines: 1, overflow: .ellipsis),	Code-inventaris; platformvoorwaarden en runtime-bereikbaarheid nog per route toetsen
lib/screens/downloads/sync_rules_screen.dart	266	onSelect: () => downloadProvider.setSyncRuleEnabled(rule.globalKey, !rule.enabled),	Code-inventaris; platformvoorwaarden en runtime-bereikbaarheid nog per route toetsen
lib/screens/downloads/sync_rules_screen.dart	273	onTap: () => _onTap(context),	Code-inventaris; platformvoorwaarden en runtime-bereikbaarheid nog per route toetsen
lib/screens/downloads/sync_rules_screen.dart	331	onTap: widget.onDelete,	Code-inventaris; platformvoorwaarden en runtime-bereikbaarheid nog per route toetsen
lib/screens/home/mobile_catalog_screen.dart	379	onPressed: () => Navigator.of(context).maybePop(),	Code-inventaris; platformvoorwaarden en runtime-bereikbaarheid nog per route toetsen
lib/screens/home/mobile_catalog_screen.dart	395	onPressed: () {	Code-inventaris; platformvoorwaarden en runtime-bereikbaarheid nog per route toetsen
lib/screens/home/mobile_catalog_screen.dart	426	onPressed: () => _openFilters(sheetContext, initialSection: MobileCatalogFilterSection.servers),	Code-inventaris; platformvoorwaarden en runtime-bereikbaarheid nog per route toetsen
lib/screens/home/mobile_catalog_screen.dart	439	onPressed: () => _openFilters(sheetContext, initialSection: MobileCatalogFilterSection.status),	Code-inventaris; platformvoorwaarden en runtime-bereikbaarheid nog per route toetsen
lib/screens/home/mobile_catalog_screen.dart	451	onPressed: () => _openSort(sheetContext),	Code-inventaris; platformvoorwaarden en runtime-bereikbaarheid nog per route toetsen
lib/screens/home/mobile_catalog_screen.dart	505	title: t.unifiedCatalog.states.errorTitle,	Code-inventaris; platformvoorwaarden en runtime-bereikbaarheid nog per route toetsen
lib/screens/home/mobile_catalog_screen.dart	513	title: t.unifiedCatalog.states.filterEmptyTitle,	Code-inventaris; platformvoorwaarden en runtime-bereikbaarheid nog per route toetsen
lib/screens/home/mobile_catalog_screen.dart	519	return _EmptyState(title: t.unifiedCatalog.states.emptyTitle, body: t.unifiedCatalog.states.emptyBody);	Code-inventaris; platformvoorwaarden en runtime-bereikbaarheid nog per route toetsen
lib/screens/home/mobile_catalog_screen.dart	565	onTap: () => _openDetails(group),	Code-inventaris; platformvoorwaarden en runtime-bereikbaarheid nog per route toetsen
lib/screens/home/mobile_catalog_screen.dart	653	FilledButton(onPressed: onAction, child: Text(actionLabel!)),	Code-inventaris; platformvoorwaarden en runtime-bereikbaarheid nog per route toetsen
lib/screens/home/mobile_landing_screen.dart	221	onTap: () => _openCatalog(context),	Code-inventaris; platformvoorwaarden en runtime-bereikbaarheid nog per route toetsen
lib/screens/hub_detail_screen.dart	84	FocusableAction(icon: Symbols.swap_vert_rounded, tooltip: t.libraries.sort, onPressed: _showSortBottomSheet),	Code-inventaris; platformvoorwaarden en runtime-bereikbaarheid nog per route toetsen
lib/screens/hub_detail_screen.dart	176	MediaSort(key: 'titleSort', title: t.hubDetail.title, defaultDirection: 'asc'),	Code-inventaris; platformvoorwaarden en runtime-bereikbaarheid nog per route toetsen
lib/screens/hub_detail_screen.dart	177	MediaSort(key: 'year', descKey: 'year:desc', title: t.hubDetail.releaseYear, defaultDirection: 'desc'),	Code-inventaris; platformvoorwaarden en runtime-bereikbaarheid nog per route toetsen
lib/screens/hub_detail_screen.dart	178	MediaSort(key: 'addedAt', descKey: 'addedAt:desc', title: t.hubDetail.dateAdded, defaultDirection: 'desc'),	Code-inventaris; platformvoorwaarden en runtime-bereikbaarheid nog per route toetsen
lib/screens/hub_detail_screen.dart	179	MediaSort(key: 'rating', descKey: 'rating:desc', title: t.hubDetail.rating, defaultDirection: 'desc'),	Code-inventaris; platformvoorwaarden en runtime-bereikbaarheid nog per route toetsen
lib/screens/hub_detail_screen.dart	470	TextButton(onPressed: _retryHubContinuation, child: Text(t.common.retry)),	Code-inventaris; platformvoorwaarden en runtime-bereikbaarheid nog per route toetsen
lib/screens/hub_detail_screen.dart	504	CustomAppBar(title: Text(widget.hub.title), pinned: true, actions: buildFocusableAppBarActions()),	Code-inventaris; platformvoorwaarden en runtime-bereikbaarheid nog per route toetsen
lib/screens/libraries/content_state_builder.dart	17	title: message,	Code-inventaris; platformvoorwaarden en runtime-bereikbaarheid nog per route toetsen
lib/screens/libraries/content_state_builder.dart	35	child: StateView.empty(title: message, icon: icon ?? Symbols.inbox_rounded, message: subtitle),	Code-inventaris; platformvoorwaarden en runtime-bereikbaarheid nog per route toetsen
lib/screens/libraries/content_state_builder.dart	84	title: errorMessage!,	Code-inventaris; platformvoorwaarden en runtime-bereikbaarheid nog per route toetsen
lib/screens/libraries/content_state_builder.dart	93	return StateView.empty(title: emptyMessage, icon: emptyIcon);	Code-inventaris; platformvoorwaarden en runtime-bereikbaarheid nog per route toetsen
lib/screens/libraries/filters_bottom_sheet.dart	186	title: currentFilter?.title ?? t.libraries.filters,	Code-inventaris; platformvoorwaarden en runtime-bereikbaarheid nog per route toetsen
lib/screens/libraries/filters_bottom_sheet.dart	191	onPressed: _clearFilters,	Code-inventaris; platformvoorwaarden en runtime-bereikbaarheid nog per route toetsen
lib/screens/libraries/filters_bottom_sheet.dart	193	onPressed: _clearFilters,	Code-inventaris; platformvoorwaarden en runtime-bereikbaarheid nog per route toetsen
lib/screens/libraries/filters_bottom_sheet.dart	227	title: Text(t.libraries.all),	Code-inventaris; platformvoorwaarden en runtime-bereikbaarheid nog per route toetsen
lib/screens/libraries/filters_bottom_sheet.dart	229	onTap: () {	Code-inventaris; platformvoorwaarden en runtime-bereikbaarheid nog per route toetsen
lib/screens/libraries/filters_bottom_sheet.dart	243	title: Text(value.title),	Code-inventaris; platformvoorwaarden en runtime-bereikbaarheid nog per route toetsen
lib/screens/libraries/filters_bottom_sheet.dart	245	onTap: () {	Code-inventaris; platformvoorwaarden en runtime-bereikbaarheid nog per route toetsen
lib/screens/libraries/filters_bottom_sheet.dart	288	title: Text(filter.title),	Code-inventaris; platformvoorwaarden en runtime-bereikbaarheid nog per route toetsen
lib/screens/libraries/filters_bottom_sheet.dart	303	title: Text(filter.title),	Code-inventaris; platformvoorwaarden en runtime-bereikbaarheid nog per route toetsen
lib/screens/libraries/filters_bottom_sheet.dart	319	onTap: () => _loadFilterValues(filter),	Code-inventaris; platformvoorwaarden en runtime-bereikbaarheid nog per route toetsen
lib/screens/libraries/folder_tree_item.dart	159	builder: (context) => AppMenuSheet<String>(title: _rowTitle(), entries: entries, focusFirstItem: fromKeyboard),	Code-inventaris; platformvoorwaarden en runtime-bereikbaarheid nog per route toetsen
lib/screens/libraries/folder_tree_item.dart	406	onTap: _handleTap,	Code-inventaris; platformvoorwaarden en runtime-bereikbaarheid nog per route toetsen
lib/screens/libraries/folder_tree_item.dart	431	onSelect: _handleTap,	Code-inventaris; platformvoorwaarden en runtime-bereikbaarheid nog per route toetsen
lib/screens/libraries/folder_tree_item.dart	448	onPressed: playAll,	Code-inventaris; platformvoorwaarden en runtime-bereikbaarheid nog per route toetsen
lib/screens/libraries/folder_tree_item.dart	450	onPressed: playAll,	Code-inventaris; platformvoorwaarden en runtime-bereikbaarheid nog per route toetsen
lib/screens/libraries/folder_tree_item.dart	469	onPressed: shuffle,	Code-inventaris; platformvoorwaarden en runtime-bereikbaarheid nog per route toetsen
lib/screens/libraries/folder_tree_item.dart	471	onPressed: shuffle,	Code-inventaris; platformvoorwaarden en runtime-bereikbaarheid nog per route toetsen
lib/screens/libraries/folder_tree_view.dart	389	onTap: !isFolder ? () => _handleItemTap(item) : null,	Code-inventaris; platformvoorwaarden en runtime-bereikbaarheid nog per route toetsen
lib/screens/libraries/libraries_screen.dart	714	confirmationMessage: t.libraries.refreshMetadataConfirm(title: library.title),	Code-inventaris; platformvoorwaarden en runtime-bereikbaarheid nog per route toetsen
lib/screens/libraries/libraries_screen.dart	729	confirmationMessage: t.libraries.scanLibraryConfirm(title: library.title),	Code-inventaris; platformvoorwaarden en runtime-bereikbaarheid nog per route toetsen
lib/screens/libraries/libraries_screen.dart	737	confirmationMessage: t.libraries.analyzeLibraryConfirm(title: library.title),	Code-inventaris; platformvoorwaarden en runtime-bereikbaarheid nog per route toetsen
lib/screens/libraries/libraries_screen.dart	746	confirmationMessage: t.libraries.emptyTrashConfirm(title: library.title),	Code-inventaris; platformvoorwaarden en runtime-bereikbaarheid nog per route toetsen
lib/screens/libraries/libraries_screen.dart	761	title: item.confirmationTitle ?? t.dialog.confirmAction,	Code-inventaris; platformvoorwaarden en runtime-bereikbaarheid nog per route toetsen
lib/screens/libraries/libraries_screen.dart	876	progressMessage: t.messages.libraryScanning(title: library.title),	Code-inventaris; platformvoorwaarden en runtime-bereikbaarheid nog per route toetsen
lib/screens/libraries/libraries_screen.dart	877	successMessage: t.messages.libraryScanStarted(title: library.title),	Code-inventaris; platformvoorwaarden en runtime-bereikbaarheid nog per route toetsen
lib/screens/libraries/libraries_screen.dart	885	progressMessage: t.messages.metadataRefreshing(title: library.title),	Code-inventaris; platformvoorwaarden en runtime-bereikbaarheid nog per route toetsen
lib/screens/libraries/libraries_screen.dart	886	successMessage: t.messages.metadataRefreshStarted(title: library.title),	Code-inventaris; platformvoorwaarden en runtime-bereikbaarheid nog per route toetsen
lib/screens/libraries/libraries_screen.dart	894	progressMessage: t.libraries.emptyingTrash(title: library.title),	Code-inventaris; platformvoorwaarden en runtime-bereikbaarheid nog per route toetsen
lib/screens/libraries/libraries_screen.dart	895	successMessage: t.libraries.trashEmptied(title: library.title),	Code-inventaris; platformvoorwaarden en runtime-bereikbaarheid nog per route toetsen
lib/screens/libraries/libraries_screen.dart	903	progressMessage: t.libraries.analyzing(title: library.title),	Code-inventaris; platformvoorwaarden en runtime-bereikbaarheid nog per route toetsen
lib/screens/libraries/libraries_screen.dart	904	successMessage: t.libraries.analysisStarted(title: library.title),	Code-inventaris; platformvoorwaarden en runtime-bereikbaarheid nog per route toetsen
lib/screens/libraries/libraries_screen.dart	1025	title: selectedLibrary?.title ?? t.libraries.title,	Code-inventaris; platformvoorwaarden en runtime-bereikbaarheid nog per route toetsen
lib/screens/libraries/libraries_screen.dart	1116	onSelect: _loadLibraryContent,	Code-inventaris; platformvoorwaarden en runtime-bereikbaarheid nog per route toetsen
lib/screens/libraries/libraries_screen.dart	1237	pref: SettingsService.groupLibrariesByServer,	Code-inventaris; platformvoorwaarden en runtime-bereikbaarheid nog per route toetsen
lib/screens/libraries/libraries_screen.dart	1273	onPressed: _showLibraryManagementSheet,	Code-inventaris; platformvoorwaarden en runtime-bereikbaarheid nog per route toetsen
lib/screens/libraries/libraries_screen.dart	1279	onPressed: _showBrowseOptionsForCurrentTab,	Code-inventaris; platformvoorwaarden en runtime-bereikbaarheid nog per route toetsen
lib/screens/libraries/libraries_screen.dart	1281	FocusableAction(icon: Symbols.refresh_rounded, tooltip: t.common.refresh, onPressed: _refreshSelectedLibraryTabs),	Code-inventaris; platformvoorwaarden en runtime-bereikbaarheid nog per route toetsen
lib/screens/libraries/libraries_screen.dart	1303	title: _buildAppBarTitle(visibleLibraries, selectedLibrary, groupByServer: groupByServerSetting),	Code-inventaris; platformvoorwaarden en runtime-bereikbaarheid nog per route toetsen
lib/screens/libraries/libraries_screen.dart	1356	title: _buildAppBarTitle(visibleLibraries, selectedLibrary, groupByServer: groupByServerSetting),	Code-inventaris; platformvoorwaarden en runtime-bereikbaarheid nog per route toetsen
lib/screens/libraries/libraries_screen.dart	1722	title: library.title,	Code-inventaris; platformvoorwaarden en runtime-bereikbaarheid nog per route toetsen
lib/screens/libraries/libraries_screen.dart	1752	title: Row(	Code-inventaris; platformvoorwaarden en runtime-bereikbaarheid nog per route toetsen
lib/screens/libraries/libraries_screen.dart	1763	onPressed: () => Navigator.pop(context),	Code-inventaris; platformvoorwaarden en runtime-bereikbaarheid nog per route toetsen
lib/screens/libraries/libraries_screen.dart	1801	onPressed: () => OverlaySheetController.popAdaptive(context),	Code-inventaris; platformvoorwaarden en runtime-bereikbaarheid nog per route toetsen
lib/screens/libraries/libraries_screen.dart	1927	title: Text(library.title),	Code-inventaris; platformvoorwaarden en runtime-bereikbaarheid nog per route toetsen
lib/screens/libraries/libraries_screen.dart	1945	onPressed: () => widget.onToggleVisibility(library),	Code-inventaris; platformvoorwaarden en runtime-bereikbaarheid nog per route toetsen
lib/screens/libraries/libraries_screen.dart	1953	onPressed: () => _showLibraryMenuBottomSheet(context, library),	Code-inventaris; platformvoorwaarden en runtime-bereikbaarheid nog per route toetsen
lib/screens/libraries/libraries_screen.dart	1985	title: progressMessage,	Code-inventaris; platformvoorwaarden en runtime-bereikbaarheid nog per route toetsen
lib/screens/libraries/libraries_screen.dart	1992	Notice(level: NoticeLevel.success, title: successMessage, groupKey: 'library-success:${library.id}'),	Code-inventaris; platformvoorwaarden en runtime-bereikbaarheid nog per route toetsen
lib/screens/libraries/libraries_screen.dart	2025	title: progressMessage,	Code-inventaris; platformvoorwaarden en runtime-bereikbaarheid nog per route toetsen
lib/screens/libraries/libraries_screen.dart	2032	Notice(level: NoticeLevel.success, title: successMessage, groupKey: 'library-success:${library.id}'),	Code-inventaris; platformvoorwaarden en runtime-bereikbaarheid nog per route toetsen
lib/screens/libraries/library_alpha_bar_strategy.dart	197	final synthetic = [for (final l in _letters) LibraryFirstCharacter(key: l, title: l, size: 1)];	Code-inventaris; platformvoorwaarden en runtime-bereikbaarheid nog per route toetsen
lib/screens/libraries/library_quick_picker_sheet.dart	119	title: Text(	Code-inventaris; platformvoorwaarden en runtime-bereikbaarheid nog per route toetsen
lib/screens/libraries/library_quick_picker_sheet.dart	127	onTap: () => onSelected(library.globalKey),	Code-inventaris; platformvoorwaarden en runtime-bereikbaarheid nog per route toetsen
lib/screens/libraries/mobile_libraries_screen.dart	153	title: Text(t.libraries.title),	Code-inventaris; platformvoorwaarden en runtime-bereikbaarheid nog per route toetsen
lib/screens/libraries/mobile_libraries_screen.dart	154	leading: BackButton(onPressed: widget.onBack),	Code-inventaris; platformvoorwaarden en runtime-bereikbaarheid nog per route toetsen
lib/screens/libraries/mobile_libraries_screen.dart	155	actions: [TextButton(onPressed: _manageLibraries, child: Text(t.common.edit))],	Code-inventaris; platformvoorwaarden en runtime-bereikbaarheid nog per route toetsen
lib/screens/libraries/mobile_libraries_screen.dart	196	onTap: () => _openLibrary(filtered[index]),	Code-inventaris; platformvoorwaarden en runtime-bereikbaarheid nog per route toetsen
lib/screens/libraries/mobile_libraries_screen.dart	282	onTap: onTap,	Code-inventaris; platformvoorwaarden en runtime-bereikbaarheid nog per route toetsen
lib/screens/libraries/mobile_libraries_screen.dart	423	title: t.discover.recentlyAddedIn(library: widget.library.title),	Code-inventaris; platformvoorwaarden en runtime-bereikbaarheid nog per route toetsen
lib/screens/libraries/sort_bottom_sheet.dart	109	title: t.libraries.sortBy,	Code-inventaris; platformvoorwaarden en runtime-bereikbaarheid nog per route toetsen
lib/screens/libraries/sort_bottom_sheet.dart	113	onPressed: _handleClear,	Code-inventaris; platformvoorwaarden en runtime-bereikbaarheid nog per route toetsen
lib/screens/libraries/sort_bottom_sheet.dart	114	child: TextButton(onPressed: _handleClear, child: Text(t.common.clear)),	Code-inventaris; platformvoorwaarden en runtime-bereikbaarheid nog per route toetsen
lib/screens/libraries/sort_bottom_sheet.dart	154	title: Text(sort.title),	Code-inventaris; platformvoorwaarden en runtime-bereikbaarheid nog per route toetsen
lib/screens/libraries/sort_bottom_sheet.dart	179	onTap: () => _handleSortSelect(sort),	Code-inventaris; platformvoorwaarden en runtime-bereikbaarheid nog per route toetsen
lib/screens/libraries/state_messages.dart	125	onPressed: onAction,	Code-inventaris; platformvoorwaarden en runtime-bereikbaarheid nog per route toetsen
lib/screens/libraries/state_messages.dart	127	onPressed: onAction,	Code-inventaris; platformvoorwaarden en runtime-bereikbaarheid nog per route toetsen
lib/screens/libraries/tabs/library_browse_tab.dart	859	title: t.libraries.libraryOptions,	Code-inventaris; platformvoorwaarden en runtime-bereikbaarheid nog per route toetsen
lib/screens/libraries/tabs/library_browse_tab.dart	869	title: Text(t.libraries.groupings.title),	Code-inventaris; platformvoorwaarden en runtime-bereikbaarheid nog per route toetsen
lib/screens/libraries/tabs/library_browse_tab.dart	872	onTap: () => _showGroupingOptionsPage(controller),	Code-inventaris; platformvoorwaarden en runtime-bereikbaarheid nog per route toetsen
lib/screens/libraries/tabs/library_browse_tab.dart	877	title: Text(	Code-inventaris; platformvoorwaarden en runtime-bereikbaarheid nog per route toetsen
lib/screens/libraries/tabs/library_browse_tab.dart	883	onTap: () => _showFiltersOptionsPage(controller),	Code-inventaris; platformvoorwaarden en runtime-bereikbaarheid nog per route toetsen
lib/screens/libraries/tabs/library_browse_tab.dart	888	title: Text(t.libraries.sort),	Code-inventaris; platformvoorwaarden en runtime-bereikbaarheid nog per route toetsen
lib/screens/libraries/tabs/library_browse_tab.dart	891	onTap: () => _showSortOptionsPage(controller),	Code-inventaris; platformvoorwaarden en runtime-bereikbaarheid nog per route toetsen
lib/screens/libraries/tabs/library_browse_tab.dart	940	title: t.libraries.groupings.title,	Code-inventaris; platformvoorwaarden en runtime-bereikbaarheid nog per route toetsen
lib/screens/libraries/tabs/library_browse_tab.dart	964	title: Text(_getGroupingLabel(grouping)),	Code-inventaris; platformvoorwaarden en runtime-bereikbaarheid nog per route toetsen
lib/screens/libraries/tabs/library_browse_tab.dart	965	onTap: () => onSelected(grouping),	Code-inventaris; platformvoorwaarden en runtime-bereikbaarheid nog per route toetsen
lib/screens/libraries/tabs/library_browse_tab.dart	1667	onPressed: _showGroupingBottomSheet,	Code-inventaris; platformvoorwaarden en runtime-bereikbaarheid nog per route toetsen
lib/screens/libraries/tabs/library_browse_tab.dart	1686	onPressed: () {	Code-inventaris; platformvoorwaarden en runtime-bereikbaarheid nog per route toetsen
lib/screens/libraries/tabs/library_browse_tab.dart	1706	onPressed: () {	Code-inventaris; platformvoorwaarden en runtime-bereikbaarheid nog per route toetsen
lib/screens/libraries/tv_library_chooser.dart	55	onSelect: () => onSelect(library.globalKey),	Code-inventaris; platformvoorwaarden en runtime-bereikbaarheid nog per route toetsen
lib/screens/livetv/live_tv_screen.dart	722	onSelect: () {	Code-inventaris; platformvoorwaarden en runtime-bereikbaarheid nog per route toetsen
lib/screens/livetv/live_tv_screen.dart	738	onSelect: action.onPressed,	Code-inventaris; platformvoorwaarden en runtime-bereikbaarheid nog per route toetsen
lib/screens/livetv/live_tv_screen.dart	881	title: useSideNav ? Row(children: _buildTabChipItems()) : Text(t.liveTv.title),	Code-inventaris; platformvoorwaarden en runtime-bereikbaarheid nog per route toetsen
lib/screens/livetv/live_tv_screen.dart	907	onPressed: _toggleFavoritesFilter,	Code-inventaris; platformvoorwaarden en runtime-bereikbaarheid nog per route toetsen
lib/screens/livetv/live_tv_screen.dart	913	onPressed: _showReorderFavorites,	Code-inventaris; platformvoorwaarden en runtime-bereikbaarheid nog per route toetsen
lib/screens/livetv/live_tv_screen.dart	919	onPressed: _processRecordingRules,	Code-inventaris; platformvoorwaarden en runtime-bereikbaarheid nog per route toetsen
lib/screens/livetv/live_tv_screen.dart	924	onPressed: _onRefresh,	Code-inventaris; platformvoorwaarden en runtime-bereikbaarheid nog per route toetsen
lib/screens/livetv/live_tv_screen.dart	967	onPressed: _loadChannels,	Code-inventaris; platformvoorwaarden en runtime-bereikbaarheid nog per route toetsen
lib/screens/livetv/live_tv_screen.dart	969	onPressed: _loadChannels,	Code-inventaris; platformvoorwaarden en runtime-bereikbaarheid nog per route toetsen
lib/screens/livetv/live_tv_show_schedule_screen.dart	134	title: Text(widget.showTitle),	Code-inventaris; platformvoorwaarden en runtime-bereikbaarheid nog per route toetsen
lib/screens/livetv/live_tv_show_schedule_screen.dart	142	onPressed: _onRecordShow,	Code-inventaris; platformvoorwaarden en runtime-bereikbaarheid nog per route toetsen
lib/screens/livetv/live_tv_show_schedule_screen.dart	177	onSelect: onTap,	Code-inventaris; platformvoorwaarden en runtime-bereikbaarheid nog per route toetsen
lib/screens/livetv/live_tv_show_schedule_screen.dart	179	child: _ScheduleListTile(program: program, channel: channel, onTap: onTap),	Code-inventaris; platformvoorwaarden en runtime-bereikbaarheid nog per route toetsen
lib/screens/livetv/live_tv_show_schedule_screen.dart	241	onTap: onTap,	Code-inventaris; platformvoorwaarden en runtime-bereikbaarheid nog per route toetsen
lib/screens/livetv/livetv_recording_actions.dart	114	title: t.liveTv.cancelRecordingTitle,	Code-inventaris; platformvoorwaarden en runtime-bereikbaarheid nog per route toetsen
lib/screens/livetv/livetv_recording_actions.dart	115	message: t.liveTv.cancelRecordingMessage(title: title),	Code-inventaris; platformvoorwaarden en runtime-bereikbaarheid nog per route toetsen
lib/screens/livetv/livetv_recording_actions.dart	143	title: t.liveTv.deleteRuleTitle,	Code-inventaris; platformvoorwaarden en runtime-bereikbaarheid nog per route toetsen
lib/screens/livetv/livetv_recording_actions.dart	144	message: t.liveTv.deleteRuleMessage(title: rule.title ?? ''),	Code-inventaris; platformvoorwaarden en runtime-bereikbaarheid nog per route toetsen
lib/screens/livetv/program_details_sheet.dart	179	onPressed: () {	Code-inventaris; platformvoorwaarden en runtime-bereikbaarheid nog per route toetsen
lib/screens/livetv/program_details_sheet.dart	195	onPressed: () async {	Code-inventaris; platformvoorwaarden en runtime-bereikbaarheid nog per route toetsen
lib/screens/livetv/program_details_sheet.dart	210	onPressed: () async {	Code-inventaris; platformvoorwaarden en runtime-bereikbaarheid nog per route toetsen
lib/screens/livetv/program_details_sheet.dart	231	onPressed: action.onPressed,	Code-inventaris; platformvoorwaarden en runtime-bereikbaarheid nog per route toetsen
lib/screens/livetv/program_details_sheet.dart	237	onPressed: action.onPressed,	Code-inventaris; platformvoorwaarden en runtime-bereikbaarheid nog per route toetsen
lib/screens/livetv/program_details_sheet.dart	244	onPressed: action.onPressed,	Code-inventaris; platformvoorwaarden en runtime-bereikbaarheid nog per route toetsen
lib/screens/livetv/record_options_sheet.dart	215	_EntryChooser(entries: widget.entries, selected: _entry, onSelect: _selectEntry),	Code-inventaris; platformvoorwaarden en runtime-bereikbaarheid nog per route toetsen
lib/screens/livetv/record_options_sheet.dart	248	onPressed: _saving ? null : _close,	Code-inventaris; platformvoorwaarden en runtime-bereikbaarheid nog per route toetsen
lib/screens/livetv/record_options_sheet.dart	249	child: TextButton(onPressed: _saving ? null : _close, child: Text(t.common.cancel)),	Code-inventaris; platformvoorwaarden en runtime-bereikbaarheid nog per route toetsen
lib/screens/livetv/record_options_sheet.dart	254	onPressed: _saving ? null : _save,	Code-inventaris; platformvoorwaarden en runtime-bereikbaarheid nog per route toetsen
lib/screens/livetv/record_options_sheet.dart	256	onPressed: _saving ? null : _save,	Code-inventaris; platformvoorwaarden en runtime-bereikbaarheid nog per route toetsen
lib/screens/livetv/record_options_sheet.dart	287	onPressed: () => onSelect(entry),	Code-inventaris; platformvoorwaarden en runtime-bereikbaarheid nog per route toetsen
lib/screens/livetv/record_options_sheet.dart	364	onSelect: toggle,	Code-inventaris; platformvoorwaarden en runtime-bereikbaarheid nog per route toetsen
lib/screens/livetv/record_options_sheet.dart	367	onTap: toggle,	Code-inventaris; platformvoorwaarden en runtime-bereikbaarheid nog per route toetsen
lib/screens/livetv/record_options_sheet.dart	412	title: setting.label ?? setting.id,	Code-inventaris; platformvoorwaarden en runtime-bereikbaarheid nog per route toetsen
lib/screens/livetv/record_options_sheet.dart	431	onSelect: () => _openPicker(context),	Code-inventaris; platformvoorwaarden en runtime-bereikbaarheid nog per route toetsen
lib/screens/livetv/record_options_sheet.dart	434	onTap: () => _openPicker(context),	Code-inventaris; platformvoorwaarden en runtime-bereikbaarheid nog per route toetsen
lib/screens/livetv/reorder_favorites_sheet.dart	226	BottomSheetHeader(title: t.liveTv.reorderFavorites, icon: Symbols.swap_vert_rounded),	Code-inventaris; platformvoorwaarden en runtime-bereikbaarheid nog per route toetsen
lib/screens/livetv/reorder_favorites_sheet.dart	316	title: Text(displayName, maxLines: 1, overflow: .ellipsis),	Code-inventaris; platformvoorwaarden en runtime-bereikbaarheid nog per route toetsen
lib/screens/livetv/reorder_favorites_sheet.dart	330	onPressed: () => _removeItem(index),	Code-inventaris; platformvoorwaarden en runtime-bereikbaarheid nog per route toetsen
lib/screens/livetv/tabs/guide_tab.dart	1269	onPressed: () => _shiftTimeRange(-2),	Code-inventaris; platformvoorwaarden en runtime-bereikbaarheid nog per route toetsen
lib/screens/livetv/tabs/guide_tab.dart	1284	onTap: _showDayPicker,	Code-inventaris; platformvoorwaarden en runtime-bereikbaarheid nog per route toetsen
lib/screens/livetv/tabs/guide_tab.dart	1310	onPressed: () => _shiftTimeRange(2),	Code-inventaris; platformvoorwaarden en runtime-bereikbaarheid nog per route toetsen
lib/screens/livetv/tabs/guide_tab.dart	1419	onTap: () => _tuneChannel(channel),	Code-inventaris; platformvoorwaarden en runtime-bereikbaarheid nog per route toetsen
lib/screens/livetv/tabs/guide_tab.dart	1557	onTap: () => _activateProgram(channel, program),	Code-inventaris; platformvoorwaarden en runtime-bereikbaarheid nog per route toetsen
lib/screens/livetv/tabs/guide_tab.dart	1738	onTap: widget.onTap,	Code-inventaris; platformvoorwaarden en runtime-bereikbaarheid nog per route toetsen
lib/screens/livetv/tabs/recordings_tab.dart	193	title: entry.rule.title ?? '',	Code-inventaris; platformvoorwaarden en runtime-bereikbaarheid nog per route toetsen
lib/screens/livetv/tabs/recordings_tab.dart	245	onTap: () => _onCancelGrab(grabs[i]),	Code-inventaris; platformvoorwaarden en runtime-bereikbaarheid nog per route toetsen
lib/screens/livetv/tabs/recordings_tab.dart	257	onTap: () => _onRuleTap(rules[i]),	Code-inventaris; platformvoorwaarden en runtime-bereikbaarheid nog per route toetsen
lib/screens/livetv/tabs/recordings_tab.dart	345	onSelect: onTap,	Code-inventaris; platformvoorwaarden en runtime-bereikbaarheid nog per route toetsen
lib/screens/livetv/tabs/recordings_tab.dart	350	onTap: onTap,	Code-inventaris; platformvoorwaarden en runtime-bereikbaarheid nog per route toetsen
lib/screens/livetv/tabs/recordings_tab.dart	441	onSelect: onTap,	Code-inventaris; platformvoorwaarden en runtime-bereikbaarheid nog per route toetsen
lib/screens/livetv/tabs/recordings_tab.dart	446	onTap: onTap,	Code-inventaris; platformvoorwaarden en runtime-bereikbaarheid nog per route toetsen
lib/screens/livetv/tabs/whats_on_tab.dart	208	onTap: _onItemTap,	Code-inventaris; platformvoorwaarden en runtime-bereikbaarheid nog per route toetsen
lib/screens/livetv/tabs/whats_on_tab.dart	447	pref: SettingsService.libraryDensity,	Code-inventaris; platformvoorwaarden en runtime-bereikbaarheid nog per route toetsen
lib/screens/livetv/tabs/whats_on_tab.dart	509	onTap: () {	Code-inventaris; platformvoorwaarden en runtime-bereikbaarheid nog per route toetsen
lib/screens/livetv/tabs/whats_on_tab.dart	557	onTap: onTap,	Code-inventaris; platformvoorwaarden en runtime-bereikbaarheid nog per route toetsen
lib/screens/main_screen.dart	1043	title: t.update.available,	Code-inventaris; platformvoorwaarden en runtime-bereikbaarheid nog per route toetsen
lib/screens/main_screen.dart	2826	pref: SettingsService.alwaysKeepSidebarOpen,	Code-inventaris; platformvoorwaarden en runtime-bereikbaarheid nog per route toetsen
lib/screens/main_screen.dart	2971	onTap: _isReconnecting ? null : _triggerReconnect,	Code-inventaris; platformvoorwaarden en runtime-bereikbaarheid nog per route toetsen
lib/screens/main_screen.dart	3003	pref: SettingsService.showNavBarLabels,	Code-inventaris; platformvoorwaarden en runtime-bereikbaarheid nog per route toetsen
lib/screens/media_detail/action_buttons.dart	116	onTap: onPlayPressed,	Code-inventaris; platformvoorwaarden en runtime-bereikbaarheid nog per route toetsen
lib/screens/media_detail/action_buttons.dart	120	onPressed: onPlayPressed,	Code-inventaris; platformvoorwaarden en runtime-bereikbaarheid nog per route toetsen
lib/screens/media_detail/action_buttons.dart	148	onTap: onPressed,	Code-inventaris; platformvoorwaarden en runtime-bereikbaarheid nog per route toetsen
lib/screens/media_detail/action_buttons.dart	150	onPressed: onPressed,	Code-inventaris; platformvoorwaarden en runtime-bereikbaarheid nog per route toetsen
lib/screens/media_detail/action_buttons.dart	163	onPressed: onPlayPressed,	Code-inventaris; platformvoorwaarden en runtime-bereikbaarheid nog per route toetsen
lib/screens/media_detail/action_buttons.dart	171	onPressed: onPlayTrailer,	Code-inventaris; platformvoorwaarden en runtime-bereikbaarheid nog per route toetsen
lib/screens/media_detail/action_buttons.dart	174	onPressed: onPlayTrailer,	Code-inventaris; platformvoorwaarden en runtime-bereikbaarheid nog per route toetsen
lib/screens/media_detail/action_buttons.dart	183	onPressed: () async {	Code-inventaris; platformvoorwaarden en runtime-bereikbaarheid nog per route toetsen
lib/screens/media_detail/action_buttons.dart	188	onPressed: () async {	Code-inventaris; platformvoorwaarden en runtime-bereikbaarheid nog per route toetsen
lib/screens/media_detail/action_buttons.dart	200	onPressed: () => unawaited(_handleDownloadButtonPressed(metadata)),	Code-inventaris; platformvoorwaarden en runtime-bereikbaarheid nog per route toetsen
lib/screens/media_detail/action_buttons.dart	208	onPressed: () => unawaited(_handleWatchedTogglePressed(metadata)),	Code-inventaris; platformvoorwaarden en runtime-bereikbaarheid nog per route toetsen
lib/screens/media_detail/action_buttons.dart	219	onPressed: showMoreActions,	Code-inventaris; platformvoorwaarden en runtime-bereikbaarheid nog per route toetsen
lib/screens/media_detail/action_buttons.dart	254	onPressed: onWatchlistPressed,	Code-inventaris; platformvoorwaarden en runtime-bereikbaarheid nog per route toetsen
lib/screens/media_detail/action_buttons.dart	257	onPressed: onWatchlistPressed,	Code-inventaris; platformvoorwaarden en runtime-bereikbaarheid nog per route toetsen
lib/screens/media_detail/action_buttons.dart	273	onPressed: () => unawaited(_handleRequestPressed(metadata)),	Code-inventaris; platformvoorwaarden en runtime-bereikbaarheid nog per route toetsen
lib/screens/media_detail/action_buttons.dart	276	onPressed: () => unawaited(_handleRequestPressed(metadata)),	Code-inventaris; platformvoorwaarden en runtime-bereikbaarheid nog per route toetsen
lib/screens/media_detail/action_buttons.dart	402	onSelect: () {	Code-inventaris; platformvoorwaarden en runtime-bereikbaarheid nog per route toetsen
lib/screens/media_detail/action_buttons.dart	485	final media = SeerrMedia(tmdbId: tmdb, mediaType: metadata.isMovie ? 'movie' : 'tv', title: metadata.displayTitle);	Code-inventaris; platformvoorwaarden en runtime-bereikbaarheid nog per route toetsen
lib/screens/media_detail/action_buttons.dart	525	onTap: () => unawaited(_handleWatchedTogglePressed(metadata)),	Code-inventaris; platformvoorwaarden en runtime-bereikbaarheid nog per route toetsen
lib/screens/media_detail/action_buttons.dart	527	onPressed: () => unawaited(_handleWatchedTogglePressed(metadata)),	Code-inventaris; platformvoorwaarden en runtime-bereikbaarheid nog per route toetsen
lib/screens/media_detail/action_buttons.dart	560	onTap: openMenu,	Code-inventaris; platformvoorwaarden en runtime-bereikbaarheid nog per route toetsen
lib/screens/media_detail/action_buttons.dart	562	onPressed: openMenu,	Code-inventaris; platformvoorwaarden en runtime-bereikbaarheid nog per route toetsen
lib/screens/media_detail/action_buttons.dart	613	title: t.downloads.cancelledDownloadTitle,	Code-inventaris; platformvoorwaarden en runtime-bereikbaarheid nog per route toetsen
lib/screens/media_detail/action_buttons.dart	670	title: t.downloads.deleteDownload,	Code-inventaris; platformvoorwaarden en runtime-bereikbaarheid nog per route toetsen
lib/screens/media_detail/action_buttons.dart	671	message: t.downloads.deleteConfirm(title: metadata.displayTitle),	Code-inventaris; platformvoorwaarden en runtime-bereikbaarheid nog per route toetsen
lib/screens/media_detail/action_buttons.dart	743	onPressed: null,	Code-inventaris; platformvoorwaarden en runtime-bereikbaarheid nog per route toetsen
lib/screens/media_detail/action_buttons.dart	758	onPressed: null,	Code-inventaris; platformvoorwaarden en runtime-bereikbaarheid nog per route toetsen
lib/screens/media_detail/action_buttons.dart	775	onPressed: null,	Code-inventaris; platformvoorwaarden en runtime-bereikbaarheid nog per route toetsen
lib/screens/media_detail/action_buttons.dart	786	onPressed: () => unawaited(_handleDownloadButtonPressed(metadata)),	Code-inventaris; platformvoorwaarden en runtime-bereikbaarheid nog per route toetsen
lib/screens/media_detail/action_buttons.dart	797	onPressed: () => unawaited(_handleDownloadButtonPressed(metadata)),	Code-inventaris; platformvoorwaarden en runtime-bereikbaarheid nog per route toetsen
lib/screens/media_detail/action_buttons.dart	808	onPressed: () => unawaited(_handleDownloadButtonPressed(metadata)),	Code-inventaris; platformvoorwaarden en runtime-bereikbaarheid nog per route toetsen
lib/screens/media_detail/action_buttons.dart	833	onPressed: () => unawaited(_handleDownloadButtonPressed(metadata)),	Code-inventaris; platformvoorwaarden en runtime-bereikbaarheid nog per route toetsen
lib/screens/media_detail/action_buttons.dart	846	onPressed: () => unawaited(_handleDownloadButtonPressed(metadata)),	Code-inventaris; platformvoorwaarden en runtime-bereikbaarheid nog per route toetsen
lib/screens/media_detail/action_buttons.dart	863	onPressed: () => unawaited(_handleDownloadButtonPressed(metadata)),	Code-inventaris; platformvoorwaarden en runtime-bereikbaarheid nog per route toetsen
lib/screens/media_detail/action_buttons.dart	875	onPressed: () => unawaited(_handleDownloadButtonPressed(metadata)),	Code-inventaris; platformvoorwaarden en runtime-bereikbaarheid nog per route toetsen
lib/screens/media_detail/action_buttons.dart	885	onPressed: () => unawaited(_handleDownloadButtonPressed(metadata)),	Code-inventaris; platformvoorwaarden en runtime-bereikbaarheid nog per route toetsen
lib/screens/media_detail/audio_selector.dart	76	onPressed: _detailAudioTracks.length > 1 ? () => unawaited(_chooseDetailAudioTrack()) : null,	Code-inventaris; platformvoorwaarden en runtime-bereikbaarheid nog per route toetsen
lib/screens/media_detail/audio_selector.dart	92	await TrackPreferenceStore.saveAudio(target, language: language, title: track.title);	Code-inventaris; platformvoorwaarden en runtime-bereikbaarheid nog per route toetsen
lib/screens/media_detail/audio_selector.dart	103	title: track.title ?? track.displayTitle,	Code-inventaris; platformvoorwaarden en runtime-bereikbaarheid nog per route toetsen
lib/screens/media_detail/cast_section.dart	79	onTap: () => onActorTap(actor),	Code-inventaris; platformvoorwaarden en runtime-bereikbaarheid nog per route toetsen
lib/screens/media_detail/extras_section.dart	68	onTap: () => onExtraTap(extra),	Code-inventaris; platformvoorwaarden en runtime-bereikbaarheid nog per route toetsen
lib/screens/media_detail/mobile_detail_view.dart	133	AppBarBackButton(style: BackButtonStyle.plain, onPressed: () => Navigator.pop(context, _watchStateChanged)),	Code-inventaris; platformvoorwaarden en runtime-bereikbaarheid nog per route toetsen
lib/screens/media_detail/mobile_detail_view.dart	169	onPressed: () {	Code-inventaris; platformvoorwaarden en runtime-bereikbaarheid nog per route toetsen
lib/screens/media_detail/mobile_detail_view.dart	223	onTap: () => unawaited(navigateToVideoPlayer(context, metadata: primaryTrailer)),	Code-inventaris; platformvoorwaarden en runtime-bereikbaarheid nog per route toetsen
lib/screens/media_detail/mobile_detail_view.dart	285	onPressed: () => unawaited(_handlePlayPressed(metadata)),	Code-inventaris; platformvoorwaarden en runtime-bereikbaarheid nog per route toetsen
lib/screens/media_detail/mobile_detail_view.dart	327	onPressed: () => unawaited(_handleDownloadButtonPressed(metadata)),	Code-inventaris; platformvoorwaarden en runtime-bereikbaarheid nog per route toetsen
lib/screens/media_detail/mobile_detail_view.dart	442	onTap: onPressed,	Code-inventaris; platformvoorwaarden en runtime-bereikbaarheid nog per route toetsen
lib/screens/media_detail/mobile_detail_view.dart	470	onPressed: canOfferWatchlist ? () => unawaited(WatchlistUiActions.toggle(context, metadata)) : null,	Code-inventaris; platformvoorwaarden en runtime-bereikbaarheid nog per route toetsen
lib/screens/media_detail/mobile_detail_view.dart	476	onPressed: widget.isOffline ? null : () => unawaited(_showRatingDialog(context, metadata)),	Code-inventaris; platformvoorwaarden en runtime-bereikbaarheid nog per route toetsen
lib/screens/media_detail/mobile_detail_view.dart	482	onPressed: () => unawaited(_handleWatchedTogglePressed(metadata)),	Code-inventaris; platformvoorwaarden en runtime-bereikbaarheid nog per route toetsen
lib/screens/media_detail/mobile_detail_view.dart	487	onPressed: () => unawaited(SharePlus.instance.share(ShareParams(text: metadata.displayTitle))),	Code-inventaris; platformvoorwaarden en runtime-bereikbaarheid nog per route toetsen
lib/screens/media_detail/synopsis_panel.dart	34	title: t.discover.overview,	Code-inventaris; platformvoorwaarden en runtime-bereikbaarheid nog per route toetsen
lib/screens/media_detail/synopsis_panel.dart	138	onPressed: widget.onClose,	Code-inventaris; platformvoorwaarden en runtime-bereikbaarheid nog per route toetsen
lib/screens/media_detail/tv_season_chips.dart	118	onSelect: () => _tvSelectSeason(i),	Code-inventaris; platformvoorwaarden en runtime-bereikbaarheid nog per route toetsen
lib/screens/media_detail/tv_season_chips.dart	197	onSelect: widget.onSelect,	Code-inventaris; platformvoorwaarden en runtime-bereikbaarheid nog per route toetsen
lib/screens/media_detail_screen.dart	1190	onSelect: activate,	Code-inventaris; platformvoorwaarden en runtime-bereikbaarheid nog per route toetsen
lib/screens/media_detail_screen.dart	1212	onTap: activate,	Code-inventaris; platformvoorwaarden en runtime-bereikbaarheid nog per route toetsen
lib/screens/media_detail_screen.dart	1491	title: t.downloads.manageSyncRule,	Code-inventaris; platformvoorwaarden en runtime-bereikbaarheid nog per route toetsen
lib/screens/media_detail_screen.dart	1528	title: t.downloads.deleteDownload,	Code-inventaris; platformvoorwaarden en runtime-bereikbaarheid nog per route toetsen
lib/screens/media_detail_screen.dart	1529	message: t.downloads.deleteConfirm(title: metadata.displayTitle),	Code-inventaris; platformvoorwaarden en runtime-bereikbaarheid nog per route toetsen
lib/screens/media_detail_screen.dart	1699	title: t.sourcePicker.detailLoadFailedTitle,	Code-inventaris; platformvoorwaarden en runtime-bereikbaarheid nog per route toetsen
lib/screens/media_detail_screen.dart	1852	title: firstEp.parentTitle?.isNotEmpty == true ? firstEp.parentTitle : t.common.seasonNumber(number: entry.key),	Code-inventaris; platformvoorwaarden en runtime-bereikbaarheid nog per route toetsen
lib/screens/media_detail_screen.dart	2589	pref: SettingsService.showSeasonPostersOnTabs,	Code-inventaris; platformvoorwaarden en runtime-bereikbaarheid nog per route toetsen
lib/screens/media_detail_screen.dart	2682	onSelect: () {	Code-inventaris; platformvoorwaarden en runtime-bereikbaarheid nog per route toetsen
lib/screens/media_detail_screen.dart	2951	return Center(child: StateView.empty(title: message, compact: true));	Code-inventaris; platformvoorwaarden en runtime-bereikbaarheid nog per route toetsen
lib/screens/media_detail_screen.dart	2960	title: message,	Code-inventaris; platformvoorwaarden en runtime-bereikbaarheid nog per route toetsen
lib/screens/media_detail_screen.dart	3020	onTap: () async {	Code-inventaris; platformvoorwaarden en runtime-bereikbaarheid nog per route toetsen
lib/screens/media_detail_screen.dart	3666	onPressed: _cancelMetadataLoad,	Code-inventaris; platformvoorwaarden en runtime-bereikbaarheid nog per route toetsen
lib/screens/media_detail_screen.dart	3667	child: TextButton(onPressed: _cancelMetadataLoad, child: Text(t.common.cancel)),	Code-inventaris; platformvoorwaarden en runtime-bereikbaarheid nog per route toetsen
lib/screens/media_detail_screen.dart	3952	onPressed: () => Navigator.pop(context, _watchStateChanged),	Code-inventaris; platformvoorwaarden en runtime-bereikbaarheid nog per route toetsen
lib/screens/media_detail_screen.dart	4567	onSelect: () => _openTvDetailSynopsisPanel(description),	Code-inventaris; platformvoorwaarden en runtime-bereikbaarheid nog per route toetsen
lib/screens/media_detail_screen.dart	4826	title: '',	Code-inventaris; platformvoorwaarden en runtime-bereikbaarheid nog per route toetsen
lib/screens/media_detail_screen.dart	4874	title: t.libraries.groupings.seasons,	Code-inventaris; platformvoorwaarden en runtime-bereikbaarheid nog per route toetsen
lib/screens/media_detail_screen.dart	4899	MediaHub(id: '$_tvDetailSeasonHubIdPrefix$i', title: title, type: 'episode', items: _episodes, size: total),	Code-inventaris; platformvoorwaarden en runtime-bereikbaarheid nog per route toetsen
lib/screens/media_detail_screen.dart	4906	title: t.libraries.groupings.episodes,	Code-inventaris; platformvoorwaarden en runtime-bereikbaarheid nog per route toetsen
lib/screens/media_detail_screen.dart	4917	title: t.libraries.groupings.episodes,	Code-inventaris; platformvoorwaarden en runtime-bereikbaarheid nog per route toetsen
lib/screens/media_detail_screen.dart	4928	MediaHub(id: _tvDetailActorsHubId, title: t.discover.cast, type: 'person', items: actors, size: actors.length),	Code-inventaris; platformvoorwaarden en runtime-bereikbaarheid nog per route toetsen
lib/screens/media_detail_screen.dart	4935	title: t.discover.extras,	Code-inventaris; platformvoorwaarden en runtime-bereikbaarheid nog per route toetsen
lib/screens/media_detail_screen.dart	4978	title: actor.tag,	Code-inventaris; platformvoorwaarden en runtime-bereikbaarheid nog per route toetsen
lib/screens/media_detail_screen.dart	5451	pref: SettingsService.libraryDensity,	Code-inventaris; platformvoorwaarden en runtime-bereikbaarheid nog per route toetsen
lib/screens/media_detail_screen.dart	5471	pref: SettingsService.libraryDensity,	Code-inventaris; platformvoorwaarden en runtime-bereikbaarheid nog per route toetsen
lib/screens/metadata_edit_screen.dart	112	title: field.label,	Code-inventaris; platformvoorwaarden en runtime-bereikbaarheid nog per route toetsen
lib/screens/metadata_edit_screen.dart	118	title: field.label,	Code-inventaris; platformvoorwaarden en runtime-bereikbaarheid nog per route toetsen
lib/screens/metadata_edit_screen.dart	160	builder: (context) => TagEditDialog(title: field.label, initialTags: metadataStringList(draft.values[field.id])),	Code-inventaris; platformvoorwaarden en runtime-bereikbaarheid nog per route toetsen
lib/screens/metadata_edit_screen.dart	179	title: Text(field.label),	Code-inventaris; platformvoorwaarden en runtime-bereikbaarheid nog per route toetsen
lib/screens/metadata_edit_screen.dart	195	title: Text(option.label),	Code-inventaris; platformvoorwaarden en runtime-bereikbaarheid nog per route toetsen
lib/screens/metadata_edit_screen.dart	202	actions: [DialogActionButton(onPressed: () => Navigator.pop(dialogContext), label: t.common.cancel)],	Code-inventaris; platformvoorwaarden en runtime-bereikbaarheid nog per route toetsen
lib/screens/metadata_edit_screen.dart	261	return FocusedScrollScaffold(title: Text(t.metadataEdit.screenTitle), slivers: [LoadingIndicatorBox.sliver]);	Code-inventaris; platformvoorwaarden en runtime-bereikbaarheid nog per route toetsen
lib/screens/metadata_edit_screen.dart	268	title: Text(t.metadataEdit.screenTitle),	Code-inventaris; platformvoorwaarden en runtime-bereikbaarheid nog per route toetsen
lib/screens/metadata_edit_screen.dart	275	title: Text(t.metadataEdit.screenTitle),	Code-inventaris; platformvoorwaarden en runtime-bereikbaarheid nog per route toetsen
lib/screens/metadata_edit_screen.dart	280	IconButton(onPressed: _hasChanges ? _save : null, icon: const AppIcon(Symbols.check_rounded, fill: 1)),	Code-inventaris; platformvoorwaarden en runtime-bereikbaarheid nog per route toetsen
lib/screens/metadata_edit_screen.dart	315	onTap: () => _editTextField(field),	Code-inventaris; platformvoorwaarden en runtime-bereikbaarheid nog per route toetsen
lib/screens/metadata_edit_screen.dart	320	onTap: () => _editTextField(field, multiline: true),	Code-inventaris; platformvoorwaarden en runtime-bereikbaarheid nog per route toetsen
lib/screens/metadata_edit_screen.dart	325	onTap: () => _editDate(field),	Code-inventaris; platformvoorwaarden en runtime-bereikbaarheid nog per route toetsen
lib/screens/metadata_edit_screen.dart	330	onTap: () => _editStringList(field),	Code-inventaris; platformvoorwaarden en runtime-bereikbaarheid nog per route toetsen
lib/screens/metadata_edit_screen.dart	335	onTap: () => _editChoice(field),	Code-inventaris; platformvoorwaarden en runtime-bereikbaarheid nog per route toetsen
lib/screens/metadata_edit_screen.dart	345	title: Text(label),	Code-inventaris; platformvoorwaarden en runtime-bereikbaarheid nog per route toetsen
lib/screens/metadata_edit_screen.dart	355	onTap: onTap,	Code-inventaris; platformvoorwaarden en runtime-bereikbaarheid nog per route toetsen
lib/screens/metadata_edit_screen.dart	380	title: Text(field.label),	Code-inventaris; platformvoorwaarden en runtime-bereikbaarheid nog per route toetsen
lib/screens/metadata_edit_screen.dart	382	onTap: () => _openArtworkPicker(field),	Code-inventaris; platformvoorwaarden en runtime-bereikbaarheid nog per route toetsen
lib/screens/metadata_edit_screen.dart	446	title: t.metadataEdit.fromUrl,	Code-inventaris; platformvoorwaarden en runtime-bereikbaarheid nog per route toetsen
lib/screens/metadata_edit_screen.dart	486	title: Text(_config.selectTitle),	Code-inventaris; platformvoorwaarden en runtime-bereikbaarheid nog per route toetsen
lib/screens/metadata_edit_screen.dart	495	onPressed: _addFromUrl,	Code-inventaris; platformvoorwaarden en runtime-bereikbaarheid nog per route toetsen
lib/screens/metadata_edit_screen.dart	497	onPressed: _addFromUrl,	Code-inventaris; platformvoorwaarden en runtime-bereikbaarheid nog per route toetsen
lib/screens/metadata_edit_screen.dart	503	onPressed: _uploadFile,	Code-inventaris; platformvoorwaarden en runtime-bereikbaarheid nog per route toetsen
lib/screens/metadata_edit_screen.dart	505	onPressed: _uploadFile,	Code-inventaris; platformvoorwaarden en runtime-bereikbaarheid nog per route toetsen
lib/screens/metadata_edit_screen.dart	512	onPressed: () => Navigator.pop(context),	Code-inventaris; platformvoorwaarden en runtime-bereikbaarheid nog per route toetsen
lib/screens/metadata_edit_screen.dart	513	child: TextButton(onPressed: () => Navigator.pop(context), child: Text(t.common.cancel)),	Code-inventaris; platformvoorwaarden en runtime-bereikbaarheid nog per route toetsen
lib/screens/metadata_edit_screen.dart	535	onSelect: () => _selectArtwork(artwork),	Code-inventaris; platformvoorwaarden en runtime-bereikbaarheid nog per route toetsen
lib/screens/metadata_edit_screen.dart	537	onTap: () => _selectArtwork(artwork),	Code-inventaris; platformvoorwaarden en runtime-bereikbaarheid nog per route toetsen
lib/screens/my_pleya_screen.dart	107	CustomAppBar(title: Text(t.myPleya.title), automaticallyImplyLeading: false),	Code-inventaris; platformvoorwaarden en runtime-bereikbaarheid nog per route toetsen
lib/screens/my_pleya_screen.dart	126	onTap: () => onOpenTab(NavigationTabId.watchlist),	Code-inventaris; platformvoorwaarden en runtime-bereikbaarheid nog per route toetsen
lib/screens/my_pleya_screen.dart	138	_MyPleyaCard(tile: tile, onTap: () => onOpenTab(NavigationTabId.watchlist)),	Code-inventaris; platformvoorwaarden en runtime-bereikbaarheid nog per route toetsen
lib/screens/my_pleya_screen.dart	140	_MyPleyaCard(tile: tile, onTap: () => onOpenTab(NavigationTabId.requests)),	Code-inventaris; platformvoorwaarden en runtime-bereikbaarheid nog per route toetsen
lib/screens/my_pleya_screen.dart	142	_MyPleyaCard(tile: tile, onTap: () => onOpenTab(NavigationTabId.downloads)),	Code-inventaris; platformvoorwaarden en runtime-bereikbaarheid nog per route toetsen
lib/screens/my_pleya_screen.dart	153	onTap: () => onOpenTab(NavigationTabId.libraries),	Code-inventaris; platformvoorwaarden en runtime-bereikbaarheid nog per route toetsen
lib/screens/my_pleya_screen.dart	159	onTap: () => Navigator.push(context, MaterialPageRoute(builder: (_) => const ServersScreen())),	Code-inventaris; platformvoorwaarden en runtime-bereikbaarheid nog per route toetsen
lib/screens/my_pleya_screen.dart	164	onTap: () =>	Code-inventaris; platformvoorwaarden en runtime-bereikbaarheid nog per route toetsen
lib/screens/my_pleya_screen.dart	176	onTap: () => Navigator.push(context, MaterialPageRoute(builder: (_) => const WatchTogetherScreen())),	Code-inventaris; platformvoorwaarden en runtime-bereikbaarheid nog per route toetsen
lib/screens/my_pleya_screen.dart	193	onTap: () => onOpenTab(NavigationTabId.settings),	Code-inventaris; platformvoorwaarden en runtime-bereikbaarheid nog per route toetsen
lib/screens/my_pleya_screen.dart	202	onTap: () => Navigator.push(context, MaterialPageRoute(builder: (_) => const AboutScreen())),	Code-inventaris; platformvoorwaarden en runtime-bereikbaarheid nog per route toetsen
lib/screens/my_pleya_screen.dart	210	onTap: () => unawaited(AccountUiActions.logout(context)),	Code-inventaris; platformvoorwaarden en runtime-bereikbaarheid nog per route toetsen
lib/screens/my_pleya_screen.dart	246	onTap: onSwitchProfile,	Code-inventaris; platformvoorwaarden en runtime-bereikbaarheid nog per route toetsen
lib/screens/my_pleya_screen.dart	336	? t.tvMyPleya.semantics.tile(title: tile.title, subtitle: tile.subtitle)	Code-inventaris; platformvoorwaarden en runtime-bereikbaarheid nog per route toetsen
lib/screens/my_pleya_screen.dart	337	: t.tvMyPleya.semantics.tileWithCount(title: tile.title, subtitle: tile.subtitle, count: '${tile.count}');	Code-inventaris; platformvoorwaarden en runtime-bereikbaarheid nog per route toetsen
lib/screens/my_pleya_screen.dart	350	onTap: onTap,	Code-inventaris; platformvoorwaarden en runtime-bereikbaarheid nog per route toetsen
lib/screens/my_pleya_screen.dart	415	return ListTile(leading: Icon(icon), title: Text(label), onTap: onTap);	Code-inventaris; platformvoorwaarden en runtime-bereikbaarheid nog per route toetsen
lib/screens/my_pleya_screen.dart	419	title: Text(label),	Code-inventaris; platformvoorwaarden en runtime-bereikbaarheid nog per route toetsen
lib/screens/my_pleya_screen.dart	429	onTap: onTap,	Code-inventaris; platformvoorwaarden en runtime-bereikbaarheid nog per route toetsen
lib/screens/my_pleya_screen.dart	470	onTap: onOpenAll,	Code-inventaris; platformvoorwaarden en runtime-bereikbaarheid nog per route toetsen
lib/screens/now_watching_screen.dart	77	CustomAppBar(title: Text(t.nowWatching.title)),	Code-inventaris; platformvoorwaarden en runtime-bereikbaarheid nog per route toetsen
lib/screens/playlist/playlist_detail_screen.dart	83	FocusableAction(icon: Symbols.play_arrow_rounded, tooltip: t.common.play, onPressed: playItems),	Code-inventaris; platformvoorwaarden en runtime-bereikbaarheid nog per route toetsen
lib/screens/playlist/playlist_detail_screen.dart	84	FocusableAction(icon: Symbols.shuffle_rounded, tooltip: t.common.shuffle, onPressed: shufflePlayItems),	Code-inventaris; platformvoorwaarden en runtime-bereikbaarheid nog per route toetsen
lib/screens/playlist/playlist_detail_screen.dart	90	onPressed: hasRule ? _managePlaylistSyncRule : _downloadPlaylist,	Code-inventaris; platformvoorwaarden en runtime-bereikbaarheid nog per route toetsen
lib/screens/playlist/playlist_detail_screen.dart	97	onPressed: _removePlaylistSyncRule,	Code-inventaris; platformvoorwaarden en runtime-bereikbaarheid nog per route toetsen
lib/screens/playlist/playlist_detail_screen.dart	107	onPressed: _deletePlaylist,	Code-inventaris; platformvoorwaarden en runtime-bereikbaarheid nog per route toetsen
lib/screens/playlist/playlist_detail_screen.dart	119	title: widget.playlist.title,	Code-inventaris; platformvoorwaarden en runtime-bereikbaarheid nog per route toetsen
lib/screens/playlist/playlist_detail_screen.dart	350	title: t.playlists.deleteConfirm,	Code-inventaris; platformvoorwaarden en runtime-bereikbaarheid nog per route toetsen
lib/screens/playlist/playlist_detail_screen.dart	709	title: Column(	Code-inventaris; platformvoorwaarden en runtime-bereikbaarheid nog per route toetsen
lib/screens/playlist/playlist_detail_screen.dart	811	onTap: () => _playFromItem(index),	Code-inventaris; platformvoorwaarden en runtime-bereikbaarheid nog per route toetsen
lib/screens/playlist/playlist_detail_screen.dart	836	TextButton(onPressed: _retryPlaylistContinuation, child: Text(t.common.retry)),	Code-inventaris; platformvoorwaarden en runtime-bereikbaarheid nog per route toetsen
lib/screens/playlist/playlist_item_card.dart	82	onTap: widget.onTap,	Code-inventaris; platformvoorwaarden en runtime-bereikbaarheid nog per route toetsen
lib/screens/playlist/playlist_item_card.dart	89	onTap: widget.onTap,	Code-inventaris; platformvoorwaarden en runtime-bereikbaarheid nog per route toetsen
lib/screens/playlist/playlist_item_card.dart	195	onPressed: widget.onRemove,	Code-inventaris; platformvoorwaarden en runtime-bereikbaarheid nog per route toetsen
lib/screens/plex_match_screen.dart	88	title: _nameController.text.trim(),	Code-inventaris; platformvoorwaarden en runtime-bereikbaarheid nog per route toetsen
lib/screens/plex_match_screen.dart	127	title: Text(_isUnmatched ? t.matchScreen.match : t.matchScreen.fixMatch),	Code-inventaris; platformvoorwaarden en runtime-bereikbaarheid nog per route toetsen
lib/screens/plex_match_screen.dart	201	onPressed: _isSearching ? null : _search,	Code-inventaris; platformvoorwaarden en runtime-bereikbaarheid nog per route toetsen
lib/screens/plex_match_screen.dart	203	onPressed: _isSearching ? null : _search,	Code-inventaris; platformvoorwaarden en runtime-bereikbaarheid nog per route toetsen
lib/screens/plex_match_screen.dart	222	onTap: () => _applyMatch(result),	Code-inventaris; platformvoorwaarden en runtime-bereikbaarheid nog per route toetsen
lib/screens/plex_match_screen.dart	236	title: Text(titleText, style: const TextStyle(fontWeight: .w600)),	Code-inventaris; platformvoorwaarden en runtime-bereikbaarheid nog per route toetsen
lib/screens/profile/add_local_profile_screen.dart	90	title: Text(t.profiles.newProfile),	Code-inventaris; platformvoorwaarden en runtime-bereikbaarheid nog per route toetsen
lib/screens/profile/add_local_profile_screen.dart	116	onPressed: _setPin,	Code-inventaris; platformvoorwaarden en runtime-bereikbaarheid nog per route toetsen
lib/screens/profile/add_local_profile_screen.dart	118	onPressed: _setPin,	Code-inventaris; platformvoorwaarden en runtime-bereikbaarheid nog per route toetsen
lib/screens/profile/add_local_profile_screen.dart	128	onPressed: _saving || _nameController.text.trim().isEmpty ? null : _saveAndContinue,	Code-inventaris; platformvoorwaarden en runtime-bereikbaarheid nog per route toetsen
lib/screens/profile/add_local_profile_screen.dart	131	onPressed: _saving || _nameController.text.trim().isEmpty ? null : _saveAndContinue,	Code-inventaris; platformvoorwaarden en runtime-bereikbaarheid nog per route toetsen
lib/screens/profile/add_local_profile_screen.dart	138	onPressed: _saving ? null : () => Navigator.of(context).pop(),	Code-inventaris; platformvoorwaarden en runtime-bereikbaarheid nog per route toetsen
lib/screens/profile/add_local_profile_screen.dart	140	onPressed: _saving ? null : () => Navigator.of(context).pop(),	Code-inventaris; platformvoorwaarden en runtime-bereikbaarheid nog per route toetsen
lib/screens/profile/borrow_connection_screen.dart	167	title: Text(t.profiles.borrowAddTo(displayName: widget.targetProfile.displayName)),	Code-inventaris; platformvoorwaarden en runtime-bereikbaarheid nog per route toetsen
lib/screens/profile/borrow_connection_screen.dart	195	onSelect: _busy ? null : () => _borrow(cand),	Code-inventaris; platformvoorwaarden en runtime-bereikbaarheid nog per route toetsen
lib/screens/profile/borrow_connection_screen.dart	197	child: _BorrowTile(candidate: cand, onTap: () => _borrow(cand)),	Code-inventaris; platformvoorwaarden en runtime-bereikbaarheid nog per route toetsen
lib/screens/profile/borrow_connection_screen.dart	387	onTap: onTap,	Code-inventaris; platformvoorwaarden en runtime-bereikbaarheid nog per route toetsen
lib/screens/profile/pin_entry_dialog.dart	95	title: _buildTitle(theme),	Code-inventaris; platformvoorwaarden en runtime-bereikbaarheid nog per route toetsen
lib/screens/profile/pin_entry_dialog.dart	116	onPressed: _cancel,	Code-inventaris; platformvoorwaarden en runtime-bereikbaarheid nog per route toetsen
lib/screens/profile/pin_entry_dialog.dart	119	child: TextButton(onPressed: _cancel, child: Text(t.common.cancel)),	Code-inventaris; platformvoorwaarden en runtime-bereikbaarheid nog per route toetsen
lib/screens/profile/pin_entry_dialog.dart	518	onTap: () {	Code-inventaris; platformvoorwaarden en runtime-bereikbaarheid nog per route toetsen
lib/screens/profile/pin_entry_dialog.dart	574	onTap: _requestMobileKeyboardFocus,	Code-inventaris; platformvoorwaarden en runtime-bereikbaarheid nog per route toetsen
lib/screens/profile/pin_status_row.dart	38	onPressed: onChange,	Code-inventaris; platformvoorwaarden en runtime-bereikbaarheid nog per route toetsen
lib/screens/profile/pin_status_row.dart	39	child: TextButton(onPressed: onChange, child: Text(t.profiles.changePin)),	Code-inventaris; platformvoorwaarden en runtime-bereikbaarheid nog per route toetsen
lib/screens/profile/pin_status_row.dart	42	onPressed: onRemove,	Code-inventaris; platformvoorwaarden en runtime-bereikbaarheid nog per route toetsen
lib/screens/profile/pin_status_row.dart	43	child: TextButton(onPressed: onRemove, child: Text(t.profiles.removePin)),	Code-inventaris; platformvoorwaarden en runtime-bereikbaarheid nog per route toetsen
lib/screens/profile/profile_delete_flow.dart	30	final confirmed = await showDeleteConfirmation(context, title: title, message: message, confirmText: confirmText);	Code-inventaris; platformvoorwaarden en runtime-bereikbaarheid nog per route toetsen
lib/screens/profile/profile_detail_screen.dart	121	title: t.profiles.removeConnectionTitle,	Code-inventaris; platformvoorwaarden en runtime-bereikbaarheid nog per route toetsen
lib/screens/profile/profile_detail_screen.dart	173	title: t.profiles.deleteProfileTitle,	Code-inventaris; platformvoorwaarden en runtime-bereikbaarheid nog per route toetsen
lib/screens/profile/profile_detail_screen.dart	187	title: Text(_profile.displayName),	Code-inventaris; platformvoorwaarden en runtime-bereikbaarheid nog per route toetsen
lib/screens/profile/profile_detail_screen.dart	206	onPressed:	Code-inventaris; platformvoorwaarden en runtime-bereikbaarheid nog per route toetsen
lib/screens/profile/profile_detail_screen.dart	211	onPressed:	Code-inventaris; platformvoorwaarden en runtime-bereikbaarheid nog per route toetsen
lib/screens/profile/profile_detail_screen.dart	235	onPressed: _setPin,	Code-inventaris; platformvoorwaarden en runtime-bereikbaarheid nog per route toetsen
lib/screens/profile/profile_detail_screen.dart	237	onPressed: _setPin,	Code-inventaris; platformvoorwaarden en runtime-bereikbaarheid nog per route toetsen
lib/screens/profile/profile_detail_screen.dart	250	onPressed: _addConnection,	Code-inventaris; platformvoorwaarden en runtime-bereikbaarheid nog per route toetsen
lib/screens/profile/profile_detail_screen.dart	252	onPressed: _addConnection,	Code-inventaris; platformvoorwaarden en runtime-bereikbaarheid nog per route toetsen
lib/screens/profile/profile_detail_screen.dart	265	onPressed: _deleteProfile,	Code-inventaris; platformvoorwaarden en runtime-bereikbaarheid nog per route toetsen
lib/screens/profile/profile_detail_screen.dart	267	onPressed: _deleteProfile,	Code-inventaris; platformvoorwaarden en runtime-bereikbaarheid nog per route toetsen
lib/screens/profile/profile_detail_screen.dart	335	title: Text(parentConn.displayLabel),	Code-inventaris; platformvoorwaarden en runtime-bereikbaarheid nog per route toetsen
lib/screens/profile/profile_detail_screen.dart	346	title: Text(conn.displayLabel),	Code-inventaris; platformvoorwaarden en runtime-bereikbaarheid nog per route toetsen
lib/screens/profile/profile_switch_screen.dart	223	title: Text(t.screens.switchProfile),	Code-inventaris; platformvoorwaarden en runtime-bereikbaarheid nog per route toetsen
lib/screens/profile/profile_switch_screen.dart	258	onSelect: _switching ? null : _addLocalProfile,	Code-inventaris; platformvoorwaarden en runtime-bereikbaarheid nog per route toetsen
lib/screens/profile/profile_switch_screen.dart	260	onPressed: _switching ? null : _addLocalProfile,	Code-inventaris; platformvoorwaarden en runtime-bereikbaarheid nog per route toetsen
lib/screens/profile/profile_switch_screen.dart	290	title: Text(t.screens.switchProfile),	Code-inventaris; platformvoorwaarden en runtime-bereikbaarheid nog per route toetsen
lib/screens/profile/profile_switch_screen.dart	348	onSelect: _switchTo,	Code-inventaris; platformvoorwaarden en runtime-bereikbaarheid nog per route toetsen
lib/screens/profile/profile_switch_screen.dart	381	onSelect: _switching ? null : () => _switchTo(view.profiles[i]),	Code-inventaris; platformvoorwaarden en runtime-bereikbaarheid nog per route toetsen
lib/screens/profile/profile_switch_screen.dart	387	onPressed: _switching ? null : () => _openManageProfiles(),	Code-inventaris; platformvoorwaarden en runtime-bereikbaarheid nog per route toetsen
lib/screens/profile/profile_switch_screen.dart	439	onSelect: _switching || (isActive && !widget.requireSelection) ? null : () => _switchTo(profile),	Code-inventaris; platformvoorwaarden en runtime-bereikbaarheid nog per route toetsen
lib/screens/profile/profile_switch_screen.dart	445	onTap: () => _switchTo(profile),	Code-inventaris; platformvoorwaarden en runtime-bereikbaarheid nog per route toetsen
lib/screens/profile/profile_switch_screen.dart	483	title: t.profiles.signOutPlexTitle,	Code-inventaris; platformvoorwaarden en runtime-bereikbaarheid nog per route toetsen
lib/screens/profile/profile_switch_screen.dart	538	title: t.profiles.deleteThisProfileTitle,	Code-inventaris; platformvoorwaarden en runtime-bereikbaarheid nog per route toetsen
lib/screens/profile/profile_switch_screen.dart	630	onTap: widget.onSelect,	Code-inventaris; platformvoorwaarden en runtime-bereikbaarheid nog per route toetsen
lib/screens/profile/profile_switch_screen.dart	698	onTap: isActive ? null : onTap,	Code-inventaris; platformvoorwaarden en runtime-bereikbaarheid nog per route toetsen
lib/screens/search_screen.dart	563	title: Text(t.seerr.searchOnSeerr),	Code-inventaris; platformvoorwaarden en runtime-bereikbaarheid nog per route toetsen
lib/screens/search_screen.dart	567	onTap: _seerrSearching ? null : _searchSeerr,	Code-inventaris; platformvoorwaarden en runtime-bereikbaarheid nog per route toetsen
lib/screens/search_screen.dart	589	return SeerrPosterCard(media: media, onTap: () => _openSeerrDetail(media), width: metrics.cardWidth);	Code-inventaris; platformvoorwaarden en runtime-bereikbaarheid nog per route toetsen
lib/screens/search_screen.dart	796	title: t.search.recentSearches,	Code-inventaris; platformvoorwaarden en runtime-bereikbaarheid nog per route toetsen
lib/screens/search_screen.dart	806	onSelect: () => _openConcrete(_recentItems[cell.index]),	Code-inventaris; platformvoorwaarden en runtime-bereikbaarheid nog per route toetsen
lib/screens/search_screen.dart	822	title: title,	Code-inventaris; platformvoorwaarden en runtime-bereikbaarheid nog per route toetsen
lib/screens/search_screen.dart	832	onSelect: () => _activateSearchGroup(groups[cell.index]),	Code-inventaris; platformvoorwaarden en runtime-bereikbaarheid nog per route toetsen
lib/screens/search_screen.dart	848	title: title,	Code-inventaris; platformvoorwaarden en runtime-bereikbaarheid nog per route toetsen
lib/screens/search_screen.dart	855	onSelect: () => (onSelect ?? _openConcrete)(items[cell.index]),	Code-inventaris; platformvoorwaarden en runtime-bereikbaarheid nog per route toetsen
lib/screens/search_screen.dart	871	items('people', t.search.filters.people, projection.people, onSelect: _openPerson),	Code-inventaris; platformvoorwaarden en runtime-bereikbaarheid nog per route toetsen
lib/screens/search_screen.dart	990	onPressed: _openNativeSearchEntry,	Code-inventaris; platformvoorwaarden en runtime-bereikbaarheid nog per route toetsen
lib/screens/search_screen.dart	1007	onPressed: _openNativeSearchEntry,	Code-inventaris; platformvoorwaarden en runtime-bereikbaarheid nog per route toetsen
lib/screens/search_screen.dart	1009	onPressed: _openNativeSearchEntry,	Code-inventaris; platformvoorwaarden en runtime-bereikbaarheid nog per route toetsen
lib/screens/search_screen.dart	1072	title: t.unifiedCatalog.moviesTitle,	Code-inventaris; platformvoorwaarden en runtime-bereikbaarheid nog per route toetsen
lib/screens/search_screen.dart	1078	title: t.unifiedCatalog.seriesTitle,	Code-inventaris; platformvoorwaarden en runtime-bereikbaarheid nog per route toetsen
lib/screens/search_screen.dart	1084	title: t.search.filters.episodes,	Code-inventaris; platformvoorwaarden en runtime-bereikbaarheid nog per route toetsen
lib/screens/search_screen.dart	1090	title: t.collections.title,	Code-inventaris; platformvoorwaarden en runtime-bereikbaarheid nog per route toetsen
lib/screens/search_screen.dart	1092	for (final item in projection.collections) _mobileItemRow(context, item, onTap: () => _openConcrete(item)),	Code-inventaris; platformvoorwaarden en runtime-bereikbaarheid nog per route toetsen
lib/screens/search_screen.dart	1098	title: t.playlists.title,	Code-inventaris; platformvoorwaarden en runtime-bereikbaarheid nog per route toetsen
lib/screens/search_screen.dart	1100	for (final item in projection.playlists) _mobileItemRow(context, item, onTap: () => _openConcrete(item)),	Code-inventaris; platformvoorwaarden en runtime-bereikbaarheid nog per route toetsen
lib/screens/search_screen.dart	1106	title: t.search.filters.people,	Code-inventaris; platformvoorwaarden en runtime-bereikbaarheid nog per route toetsen
lib/screens/search_screen.dart	1115	_mobileItemRow(context, item, onTap: () => _openPerson(item), subtitleOverride: item.serverName),	Code-inventaris; platformvoorwaarden en runtime-bereikbaarheid nog per route toetsen
lib/screens/search_screen.dart	1121	title: t.search.filters.other,	Code-inventaris; platformvoorwaarden en runtime-bereikbaarheid nog per route toetsen
lib/screens/search_screen.dart	1123	for (final item in projection.other) _mobileItemRow(context, item, onTap: () => _openConcrete(item)),	Code-inventaris; platformvoorwaarden en runtime-bereikbaarheid nog per route toetsen
lib/screens/search_screen.dart	1131	title: t.messages.noResultsFound,	Code-inventaris; platformvoorwaarden en runtime-bereikbaarheid nog per route toetsen
lib/screens/search_screen.dart	1159	onTap: () => _openMobileGroupDetails(group),	Code-inventaris; platformvoorwaarden en runtime-bereikbaarheid nog per route toetsen
lib/screens/search_screen.dart	1168	onTap: onTap,	Code-inventaris; platformvoorwaarden en runtime-bereikbaarheid nog per route toetsen
lib/screens/search_screen.dart	1196	title: Text(item.displayTitle, maxLines: 1, overflow: TextOverflow.ellipsis),	Code-inventaris; platformvoorwaarden en runtime-bereikbaarheid nog per route toetsen
lib/screens/search_screen.dart	1205	onTap: onTap,	Code-inventaris; platformvoorwaarden en runtime-bereikbaarheid nog per route toetsen
lib/screens/search_screen.dart	1303	onPressed: () => setStateIfMounted(() => _activeFilter = filter),	Code-inventaris; platformvoorwaarden en runtime-bereikbaarheid nog per route toetsen
lib/screens/search_screen.dart	1328	onPressed: _clearHistory,	Code-inventaris; platformvoorwaarden en runtime-bereikbaarheid nog per route toetsen
lib/screens/search_screen.dart	1329	child: TextButton(onPressed: _clearHistory, child: Text(t.search.clearHistory)),	Code-inventaris; platformvoorwaarden en runtime-bereikbaarheid nog per route toetsen
lib/screens/search_screen.dart	1342	onPressed: () => _runHistoryQuery(query),	Code-inventaris; platformvoorwaarden en runtime-bereikbaarheid nog per route toetsen
lib/screens/search_screen.dart	1363	title: Text(t.common.search),	Code-inventaris; platformvoorwaarden en runtime-bereikbaarheid nog per route toetsen
lib/screens/search_screen.dart	1368	leading: isPhone && widget.onBack != null ? BackButton(onPressed: widget.onBack) : null,	Code-inventaris; platformvoorwaarden en runtime-bereikbaarheid nog per route toetsen
lib/screens/search_screen.dart	1400	onPressed: () {	Code-inventaris; platformvoorwaarden en runtime-bereikbaarheid nog per route toetsen
lib/screens/search_screen.dart	1418	title: t.search.noServersTitle,	Code-inventaris; platformvoorwaarden en runtime-bereikbaarheid nog per route toetsen
lib/screens/search_screen.dart	1423	title: t.search.errorTitle,	Code-inventaris; platformvoorwaarden en runtime-bereikbaarheid nog per route toetsen
lib/screens/search_screen.dart	1435	title: t.search.searchYourMedia,	Code-inventaris; platformvoorwaarden en runtime-bereikbaarheid nog per route toetsen
lib/screens/search_screen.dart	1461	title: t.messages.noResultsFound,	Code-inventaris; platformvoorwaarden en runtime-bereikbaarheid nog per route toetsen
lib/screens/seerr/mobile_seerr_discover_view.dart	96	onPressed: onTypePressed,	Code-inventaris; platformvoorwaarden en runtime-bereikbaarheid nog per route toetsen
lib/screens/seerr/mobile_seerr_discover_view.dart	109	onPressed: onFiltersPressed,	Code-inventaris; platformvoorwaarden en runtime-bereikbaarheid nog per route toetsen
lib/screens/seerr/mobile_seerr_discover_view.dart	121	onPressed: onSortPressed,	Code-inventaris; platformvoorwaarden en runtime-bereikbaarheid nog per route toetsen
lib/screens/seerr/mobile_seerr_discover_view.dart	143	BottomSheetHeader(title: title),	Code-inventaris; platformvoorwaarden en runtime-bereikbaarheid nog per route toetsen
lib/screens/seerr/mobile_seerr_discover_view.dart	158	title: Text(choice.label),	Code-inventaris; platformvoorwaarden en runtime-bereikbaarheid nog per route toetsen
lib/screens/seerr/mobile_seerr_discover_view.dart	159	onTap: () => OverlaySheetController.closeAdaptive(sheetContext, choice.value),	Code-inventaris; platformvoorwaarden en runtime-bereikbaarheid nog per route toetsen
lib/screens/seerr/mobile_seerr_discover_view.dart	179	onTap: onPressed,	Code-inventaris; platformvoorwaarden en runtime-bereikbaarheid nog per route toetsen
lib/screens/seerr/seerr_discover_filter_bar.dart	166	onSelect: () => widget.onTypeSelected(_segmentTypes[i]),	Code-inventaris; platformvoorwaarden en runtime-bereikbaarheid nog per route toetsen
lib/screens/seerr/seerr_discover_filter_bar.dart	182	onPressed: _openGenrePicker,	Code-inventaris; platformvoorwaarden en runtime-bereikbaarheid nog per route toetsen
lib/screens/seerr/seerr_discover_filter_bar.dart	239	BottomSheetHeader(title: t.libraries.filterCategories.genre),	Code-inventaris; platformvoorwaarden en runtime-bereikbaarheid nog per route toetsen
lib/screens/seerr/seerr_discover_filter_bar.dart	260	title: Text(label),	Code-inventaris; platformvoorwaarden en runtime-bereikbaarheid nog per route toetsen
lib/screens/seerr/seerr_discover_filter_bar.dart	261	onTap: () => onPicked(id),	Code-inventaris; platformvoorwaarden en runtime-bereikbaarheid nog per route toetsen
lib/screens/seerr/seerr_discover_screen.dart	73	onPressed: onOpenRequests,	Code-inventaris; platformvoorwaarden en runtime-bereikbaarheid nog per route toetsen
lib/screens/seerr/seerr_discover_screen.dart	173	title: t.seerr.trending,	Code-inventaris; platformvoorwaarden en runtime-bereikbaarheid nog per route toetsen
lib/screens/seerr/seerr_discover_screen.dart	178	title: t.seerr.popularMovies,	Code-inventaris; platformvoorwaarden en runtime-bereikbaarheid nog per route toetsen
lib/screens/seerr/seerr_discover_screen.dart	183	title: t.seerr.popularTv,	Code-inventaris; platformvoorwaarden en runtime-bereikbaarheid nog per route toetsen
lib/screens/seerr/seerr_discover_screen.dart	188	title: t.seerr.upcoming,	Code-inventaris; platformvoorwaarden en runtime-bereikbaarheid nog per route toetsen
lib/screens/seerr/seerr_discover_screen.dart	193	title: t.seerr.upcoming,	Code-inventaris; platformvoorwaarden en runtime-bereikbaarheid nog per route toetsen
lib/screens/seerr/seerr_discover_screen.dart	276	title: provider.name,	Code-inventaris; platformvoorwaarden en runtime-bereikbaarheid nog per route toetsen
lib/screens/seerr/seerr_discover_screen.dart	521	title: '',	Code-inventaris; platformvoorwaarden en runtime-bereikbaarheid nog per route toetsen
lib/screens/seerr/seerr_discover_screen.dart	544	title: '',	Code-inventaris; platformvoorwaarden en runtime-bereikbaarheid nog per route toetsen
lib/screens/seerr/seerr_discover_screen.dart	578	title: t.seerr.title,	Code-inventaris; platformvoorwaarden en runtime-bereikbaarheid nog per route toetsen
lib/screens/seerr/seerr_discover_screen.dart	591	title: t.unifiedCatalog.sort.title,	Code-inventaris; platformvoorwaarden en runtime-bereikbaarheid nog per route toetsen
lib/screens/seerr/seerr_discover_screen.dart	611	BottomSheetHeader(title: t.unifiedCatalog.filters.title),	Code-inventaris; platformvoorwaarden en runtime-bereikbaarheid nog per route toetsen
lib/screens/seerr/seerr_discover_screen.dart	622	onTap: () {	Code-inventaris; platformvoorwaarden en runtime-bereikbaarheid nog per route toetsen
lib/screens/seerr/seerr_discover_screen.dart	631	onTap: () {	Code-inventaris; platformvoorwaarden en runtime-bereikbaarheid nog per route toetsen
lib/screens/seerr/seerr_discover_screen.dart	641	onTap: () {	Code-inventaris; platformvoorwaarden en runtime-bereikbaarheid nog per route toetsen
lib/screens/seerr/seerr_discover_screen.dart	650	onTap: () {	Code-inventaris; platformvoorwaarden en runtime-bereikbaarheid nog per route toetsen
lib/screens/seerr/seerr_discover_screen.dart	661	onTap: () {	Code-inventaris; platformvoorwaarden en runtime-bereikbaarheid nog per route toetsen
lib/screens/seerr/seerr_discover_screen.dart	686	title: Text(label),	Code-inventaris; platformvoorwaarden en runtime-bereikbaarheid nog per route toetsen
lib/screens/seerr/seerr_discover_screen.dart	687	onTap: onTap,	Code-inventaris; platformvoorwaarden en runtime-bereikbaarheid nog per route toetsen
lib/screens/seerr/seerr_discover_screen.dart	697	title: Text(t.seerr.discoverTitle),	Code-inventaris; platformvoorwaarden en runtime-bereikbaarheid nog per route toetsen
lib/screens/seerr/seerr_discover_screen.dart	701	child: StateView.empty(title: t.seerr.noResults, icon: Symbols.movie_rounded),	Code-inventaris; platformvoorwaarden en runtime-bereikbaarheid nog per route toetsen
lib/screens/seerr/seerr_discover_screen.dart	711	title: Text(t.seerr.discoverTitle),	Code-inventaris; platformvoorwaarden en runtime-bereikbaarheid nog per route toetsen
lib/screens/seerr/seerr_discover_screen.dart	734	title: Text(t.seerr.title),	Code-inventaris; platformvoorwaarden en runtime-bereikbaarheid nog per route toetsen
lib/screens/seerr/seerr_discover_screen.dart	735	leading: widget.onBack == null ? null : BackButton(onPressed: widget.onBack),	Code-inventaris; platformvoorwaarden en runtime-bereikbaarheid nog per route toetsen
lib/screens/seerr/seerr_discover_screen.dart	784	title: Text(t.seerr.myRequests),	Code-inventaris; platformvoorwaarden en runtime-bereikbaarheid nog per route toetsen
lib/screens/seerr/seerr_discover_screen.dart	786	onTap: () => unawaited(_openRequests(mineOnly: true)),	Code-inventaris; platformvoorwaarden en runtime-bereikbaarheid nog per route toetsen
lib/screens/seerr/seerr_discover_screen.dart	808	title: seerrErrorMessage(row.errorKind),	Code-inventaris; platformvoorwaarden en runtime-bereikbaarheid nog per route toetsen
lib/screens/seerr/seerr_discover_screen.dart	821	child: StateView.empty(title: t.seerr.noResults, icon: Symbols.movie_rounded),	Code-inventaris; platformvoorwaarden en runtime-bereikbaarheid nog per route toetsen
lib/screens/seerr/seerr_discover_screen.dart	906	title: t.seerr.title,	Code-inventaris; platformvoorwaarden en runtime-bereikbaarheid nog per route toetsen
lib/screens/seerr/seerr_discover_screen.dart	932	title: title,	Code-inventaris; platformvoorwaarden en runtime-bereikbaarheid nog per route toetsen
lib/screens/seerr/seerr_discover_screen.dart	946	title: row.title,	Code-inventaris; platformvoorwaarden en runtime-bereikbaarheid nog per route toetsen
lib/screens/seerr/seerr_discover_screen.dart	1030	onTap: _openDetail,	Code-inventaris; platformvoorwaarden en runtime-bereikbaarheid nog per route toetsen
lib/screens/seerr/seerr_discover_screen.dart	1100	: IconButton(icon: const AppIcon(Symbols.close_rounded, fill: 1), onPressed: _clearSearch),	Code-inventaris; platformvoorwaarden en runtime-bereikbaarheid nog per route toetsen
lib/screens/seerr/seerr_discover_screen.dart	1115	onPressed: _openRequests,	Code-inventaris; platformvoorwaarden en runtime-bereikbaarheid nog per route toetsen
lib/screens/seerr/seerr_discover_screen.dart	1137	title: t.seerr.errorNetwork,	Code-inventaris; platformvoorwaarden en runtime-bereikbaarheid nog per route toetsen
lib/screens/seerr/seerr_discover_screen.dart	1149	child: StateView.empty(title: t.seerr.noResults, icon: Symbols.search_off_rounded),	Code-inventaris; platformvoorwaarden en runtime-bereikbaarheid nog per route toetsen
lib/screens/seerr/seerr_discover_screen.dart	1177	title: seerrErrorMessage(_dominantErrorKind),	Code-inventaris; platformvoorwaarden en runtime-bereikbaarheid nog per route toetsen
lib/screens/seerr/seerr_discover_screen.dart	1191	child: StateView.empty(title: t.seerr.noResults, icon: Symbols.movie_rounded),	Code-inventaris; platformvoorwaarden en runtime-bereikbaarheid nog per route toetsen
lib/screens/seerr/seerr_discover_screen.dart	1202	slivers.add(SliverToBoxAdapter(child: _RowHeaderSkeleton(title: row.title)));	Code-inventaris; platformvoorwaarden en runtime-bereikbaarheid nog per route toetsen
lib/screens/seerr/seerr_discover_screen.dart	1236	slivers.add(SliverToBoxAdapter(child: _RowHeaderSkeleton(title: row.title)));	Code-inventaris; platformvoorwaarden en runtime-bereikbaarheid nog per route toetsen
lib/screens/seerr/seerr_discover_screen.dart	1253	builder: (_) => SeerrRowGridScreen(title: row.title, fetch: row.fetch),	Code-inventaris; platformvoorwaarden en runtime-bereikbaarheid nog per route toetsen
lib/screens/seerr/seerr_discover_screen.dart	1289	onPressed: () => unawaited(_selectProvider(p)),	Code-inventaris; platformvoorwaarden en runtime-bereikbaarheid nog per route toetsen
lib/screens/seerr/seerr_discover_screen.dart	1316	title: seerrErrorMessage(row.errorKind),	Code-inventaris; platformvoorwaarden en runtime-bereikbaarheid nog per route toetsen
lib/screens/seerr/seerr_discover_screen.dart	1331	child: StateView.empty(title: t.seerr.noResults, icon: Symbols.movie_rounded),	Code-inventaris; platformvoorwaarden en runtime-bereikbaarheid nog per route toetsen
lib/screens/seerr/seerr_discover_screen.dart	1443	? MobileSeerrSeeAllLink(onPressed: onShowAll!)	Code-inventaris; platformvoorwaarden en runtime-bereikbaarheid nog per route toetsen
lib/screens/seerr/seerr_discover_screen.dart	1447	onPressed: onShowAll!,	Code-inventaris; platformvoorwaarden en runtime-bereikbaarheid nog per route toetsen
lib/screens/seerr/seerr_discover_screen.dart	1475	onTap: () => onTapItem(media),	Code-inventaris; platformvoorwaarden en runtime-bereikbaarheid nog per route toetsen
lib/screens/seerr/seerr_grid_sliver.dart	82	onTap: () => onTap(media),	Code-inventaris; platformvoorwaarden en runtime-bereikbaarheid nog per route toetsen
lib/screens/seerr/seerr_media_detail_screen.dart	128	title: Text(_base.title, maxLines: 1, overflow: TextOverflow.ellipsis),	Code-inventaris; platformvoorwaarden en runtime-bereikbaarheid nog per route toetsen
lib/screens/seerr/seerr_media_detail_screen.dart	151	title: _network ? t.seerr.errorNetwork : t.seerr.errorGeneric,	Code-inventaris; platformvoorwaarden en runtime-bereikbaarheid nog per route toetsen
lib/screens/seerr/seerr_media_detail_screen.dart	191	title: t.seerr.recommendations,	Code-inventaris; platformvoorwaarden en runtime-bereikbaarheid nog per route toetsen
lib/screens/seerr/seerr_media_detail_screen.dart	395	onPressed: onPressed,	Code-inventaris; platformvoorwaarden en runtime-bereikbaarheid nog per route toetsen
lib/screens/seerr/seerr_media_detail_screen.dart	397	onTap: onPressed,	Code-inventaris; platformvoorwaarden en runtime-bereikbaarheid nog per route toetsen
lib/screens/seerr/seerr_media_detail_screen.dart	399	onPressed: onPressed,	Code-inventaris; platformvoorwaarden en runtime-bereikbaarheid nog per route toetsen
lib/screens/seerr/seerr_media_detail_screen.dart	547	return SeerrPosterCard(media: media, onTap: () => onTapItem(media), width: metrics.cardWidth);	Code-inventaris; platformvoorwaarden en runtime-bereikbaarheid nog per route toetsen
lib/screens/seerr/seerr_requests_screen.dart	238	title: t.seerr.cancelRequest,	Code-inventaris; platformvoorwaarden en runtime-bereikbaarheid nog per route toetsen
lib/screens/seerr/seerr_requests_screen.dart	267	title: Text(canManage && !widget.mineOnly ? t.seerr.allRequests : t.seerr.myRequests),	Code-inventaris; platformvoorwaarden en runtime-bereikbaarheid nog per route toetsen
lib/screens/seerr/seerr_requests_screen.dart	285	title: canManage && !widget.mineOnly ? t.seerr.allRequests : t.seerr.myRequests,	Code-inventaris; platformvoorwaarden en runtime-bereikbaarheid nog per route toetsen
lib/screens/seerr/seerr_requests_screen.dart	316	title: request.mediaTitle ?? '',	Code-inventaris; platformvoorwaarden en runtime-bereikbaarheid nog per route toetsen
lib/screens/seerr/seerr_requests_screen.dart	353	onSelect: () => _onFilter(tabs[i].$1),	Code-inventaris; platformvoorwaarden en runtime-bereikbaarheid nog per route toetsen
lib/screens/seerr/seerr_requests_screen.dart	390	onSelect: _openDiscover,	Code-inventaris; platformvoorwaarden en runtime-bereikbaarheid nog per route toetsen
lib/screens/seerr/seerr_requests_screen.dart	395	onTap: _openDiscover,	Code-inventaris; platformvoorwaarden en runtime-bereikbaarheid nog per route toetsen
lib/screens/seerr/seerr_requests_screen.dart	519	title: Text(t.common.retry),	Code-inventaris; platformvoorwaarden en runtime-bereikbaarheid nog per route toetsen
lib/screens/seerr/seerr_requests_screen.dart	520	onTap: widget.onLoadMore,	Code-inventaris; platformvoorwaarden en runtime-bereikbaarheid nog per route toetsen
lib/screens/seerr/seerr_row_grid_screen.dart	99	title: Text(widget.title),	Code-inventaris; platformvoorwaarden en runtime-bereikbaarheid nog per route toetsen
lib/screens/seerr/seerr_row_grid_screen.dart	110	title: seerrErrorMessage(_errorKind),	Code-inventaris; platformvoorwaarden en runtime-bereikbaarheid nog per route toetsen
lib/screens/seerr/seerr_row_grid_screen.dart	119	child: StateView.empty(title: t.seerr.noResults, icon: Symbols.search_off_rounded),	Code-inventaris; platformvoorwaarden en runtime-bereikbaarheid nog per route toetsen
lib/screens/seerr/seerr_row_grid_screen.dart	124	onTap: _openDetail,	Code-inventaris; platformvoorwaarden en runtime-bereikbaarheid nog per route toetsen
lib/screens/servers_screen.dart	19	title: Text(t.tvMyPleya.servers),	Code-inventaris; platformvoorwaarden en runtime-bereikbaarheid nog per route toetsen
lib/screens/settings/about_screen.dart	54	title: Text(t.about.title),	Code-inventaris; platformvoorwaarden en runtime-bereikbaarheid nog per route toetsen
lib/screens/settings/about_screen.dart	102	title: t.about.sourceCode,	Code-inventaris; platformvoorwaarden en runtime-bereikbaarheid nog per route toetsen
lib/screens/settings/about_screen.dart	105	onTap: () => _open(sourceUrl),	Code-inventaris; platformvoorwaarden en runtime-bereikbaarheid nog per route toetsen
lib/screens/settings/about_screen.dart	109	title: t.about.basedOnPlezy,	Code-inventaris; platformvoorwaarden en runtime-bereikbaarheid nog per route toetsen
lib/screens/settings/about_screen.dart	112	onTap: () => _open(upstreamUrl),	Code-inventaris; platformvoorwaarden en runtime-bereikbaarheid nog per route toetsen
lib/screens/settings/about_screen.dart	116	title: t.about.privacyPolicy,	Code-inventaris; platformvoorwaarden en runtime-bereikbaarheid nog per route toetsen
lib/screens/settings/about_screen.dart	118	onTap: () => _open(privacyUrl),	Code-inventaris; platformvoorwaarden en runtime-bereikbaarheid nog per route toetsen
lib/screens/settings/about_screen.dart	130	title: t.about.openSourceLicenses,	Code-inventaris; platformvoorwaarden en runtime-bereikbaarheid nog per route toetsen
lib/screens/settings/about_screen.dart	132	onTap: () {	Code-inventaris; platformvoorwaarden en runtime-bereikbaarheid nog per route toetsen
lib/screens/settings/add_connection_screen.dart	39	title: t.addServer.signInWithPlexCard,	Code-inventaris; platformvoorwaarden en runtime-bereikbaarheid nog per route toetsen
lib/screens/settings/add_connection_screen.dart	45	title: t.addServer.connectToJellyfinCard,	Code-inventaris; platformvoorwaarden en runtime-bereikbaarheid nog per route toetsen
lib/screens/settings/add_connection_screen.dart	53	title: t.addServer.connectToPleyaServerCard,	Code-inventaris; platformvoorwaarden en runtime-bereikbaarheid nog per route toetsen
lib/screens/settings/add_connection_screen.dart	61	title: t.addLocalFolder.cardTitle,	Code-inventaris; platformvoorwaarden en runtime-bereikbaarheid nog per route toetsen
lib/screens/settings/add_connection_screen.dart	67	title: t.pleyaShare.cardTitle,	Code-inventaris; platformvoorwaarden en runtime-bereikbaarheid nog per route toetsen
lib/screens/settings/add_connection_screen.dart	74	title: Text(	Code-inventaris; platformvoorwaarden en runtime-bereikbaarheid nog per route toetsen
lib/screens/settings/add_connection_screen.dart	90	title: options[i].title,	Code-inventaris; platformvoorwaarden en runtime-bereikbaarheid nog per route toetsen
lib/screens/settings/add_connection_screen.dart	92	onTap: () async {	Code-inventaris; platformvoorwaarden en runtime-bereikbaarheid nog per route toetsen
lib/screens/settings/add_connection_screen.dart	104	title: t.addServer.borrowFromAnotherProfile,	Code-inventaris; platformvoorwaarden en runtime-bereikbaarheid nog per route toetsen
lib/screens/settings/add_connection_screen.dart	106	onTap: () async {	Code-inventaris; platformvoorwaarden en runtime-bereikbaarheid nog per route toetsen
lib/screens/settings/add_connection_screen.dart	159	onSelect: onTap,	Code-inventaris; platformvoorwaarden en runtime-bereikbaarheid nog per route toetsen
lib/screens/settings/add_connection_screen.dart	164	onTap: onTap,	Code-inventaris; platformvoorwaarden en runtime-bereikbaarheid nog per route toetsen
lib/screens/settings/add_jellyfin_screen.dart	441	title: Text(t.addServer.addJellyfinTitle),	Code-inventaris; platformvoorwaarden en runtime-bereikbaarheid nog per route toetsen
lib/screens/settings/add_jellyfin_screen.dart	513	onPressed: busy ? null : _probe,	Code-inventaris; platformvoorwaarden en runtime-bereikbaarheid nog per route toetsen
lib/screens/settings/add_jellyfin_screen.dart	515	onPressed: busy ? null : _probe,	Code-inventaris; platformvoorwaarden en runtime-bereikbaarheid nog per route toetsen
lib/screens/settings/add_jellyfin_screen.dart	557	onPressed: busy ? null : _signIn,	Code-inventaris; platformvoorwaarden en runtime-bereikbaarheid nog per route toetsen
lib/screens/settings/add_jellyfin_screen.dart	559	onPressed: busy ? null : _signIn,	Code-inventaris; platformvoorwaarden en runtime-bereikbaarheid nog per route toetsen
lib/screens/settings/add_jellyfin_screen.dart	568	onPressed: busy ? null : _startQuickConnect,	Code-inventaris; platformvoorwaarden en runtime-bereikbaarheid nog per route toetsen
lib/screens/settings/add_jellyfin_screen.dart	570	onPressed: busy ? null : _startQuickConnect,	Code-inventaris; platformvoorwaarden en runtime-bereikbaarheid nog per route toetsen
lib/screens/settings/add_jellyfin_screen.dart	611	onPressed: busy	Code-inventaris; platformvoorwaarden en runtime-bereikbaarheid nog per route toetsen
lib/screens/settings/add_jellyfin_screen.dart	617	onPressed: busy	Code-inventaris; platformvoorwaarden en runtime-bereikbaarheid nog per route toetsen
lib/screens/settings/add_jellyfin_screen.dart	674	onTap: busy ? null : () => unawaited(_useDiscoveredServer(server)),	Code-inventaris; platformvoorwaarden en runtime-bereikbaarheid nog per route toetsen
lib/screens/settings/add_jellyfin_screen.dart	723	onPressed: _cancelQuickConnect,	Code-inventaris; platformvoorwaarden en runtime-bereikbaarheid nog per route toetsen
lib/screens/settings/add_jellyfin_screen.dart	725	onPressed: _cancelQuickConnect,	Code-inventaris; platformvoorwaarden en runtime-bereikbaarheid nog per route toetsen
lib/screens/settings/add_jellyfin_screen.dart	768	onSelect: onTap,	Code-inventaris; platformvoorwaarden en runtime-bereikbaarheid nog per route toetsen
lib/screens/settings/add_jellyfin_screen.dart	778	onTap: onTap,	Code-inventaris; platformvoorwaarden en runtime-bereikbaarheid nog per route toetsen
lib/screens/settings/add_local_folder_screen.dart	55	title: Text(t.addLocalFolder.title),	Code-inventaris; platformvoorwaarden en runtime-bereikbaarheid nog per route toetsen
lib/screens/settings/add_local_folder_screen.dart	73	onTap: () => setState(() => _libraryType = 'movies'),	Code-inventaris; platformvoorwaarden en runtime-bereikbaarheid nog per route toetsen
lib/screens/settings/add_local_folder_screen.dart	78	onTap: () => setState(() => _libraryType = 'tvshows'),	Code-inventaris; platformvoorwaarden en runtime-bereikbaarheid nog per route toetsen
lib/screens/settings/add_local_folder_screen.dart	83	onTap: () => setState(() => _libraryType = 'mixed'),	Code-inventaris; platformvoorwaarden en runtime-bereikbaarheid nog per route toetsen
lib/screens/settings/add_local_folder_screen.dart	93	onSelect: _pickDirectory,	Code-inventaris; platformvoorwaarden en runtime-bereikbaarheid nog per route toetsen
lib/screens/settings/add_local_folder_screen.dart	98	onTap: _pickDirectory,	Code-inventaris; platformvoorwaarden en runtime-bereikbaarheid nog per route toetsen
lib/screens/settings/add_local_folder_screen.dart	137	onSelect: _canSave() ? _save : null,	Code-inventaris; platformvoorwaarden en runtime-bereikbaarheid nog per route toetsen
lib/screens/settings/add_local_folder_screen.dart	139	onPressed: _canSave() ? _save : null,	Code-inventaris; platformvoorwaarden en runtime-bereikbaarheid nog per route toetsen
lib/screens/settings/add_local_folder_screen.dart	258	onSelect: onTap,	Code-inventaris; platformvoorwaarden en runtime-bereikbaarheid nog per route toetsen
lib/screens/settings/add_local_folder_screen.dart	263	onTap: onTap,	Code-inventaris; platformvoorwaarden en runtime-bereikbaarheid nog per route toetsen
lib/screens/settings/add_plex_account_screen.dart	163	title: Text(t.addServer.addPlexTitle),	Code-inventaris; platformvoorwaarden en runtime-bereikbaarheid nog per route toetsen
lib/screens/settings/add_plex_account_screen.dart	183	onPressed: busy || this.busy ? null : browser,	Code-inventaris; platformvoorwaarden en runtime-bereikbaarheid nog per route toetsen
lib/screens/settings/add_plex_account_screen.dart	185	onPressed: busy || this.busy ? null : browser,	Code-inventaris; platformvoorwaarden en runtime-bereikbaarheid nog per route toetsen
lib/screens/settings/add_plex_account_screen.dart	192	onPressed: busy || this.busy ? null : qr,	Code-inventaris; platformvoorwaarden en runtime-bereikbaarheid nog per route toetsen
lib/screens/settings/add_plex_account_screen.dart	194	onPressed: busy || this.busy ? null : qr,	Code-inventaris; platformvoorwaarden en runtime-bereikbaarheid nog per route toetsen
lib/screens/settings/add_pleya_server_screen.dart	229	title: Text(t.addServer.addPleyaServerTitle),	Code-inventaris; platformvoorwaarden en runtime-bereikbaarheid nog per route toetsen
lib/screens/settings/add_pleya_server_screen.dart	271	onPressed: busy ? null : _probe,	Code-inventaris; platformvoorwaarden en runtime-bereikbaarheid nog per route toetsen
lib/screens/settings/add_pleya_server_screen.dart	281	onPressed: busy ? null : _changeServer,	Code-inventaris; platformvoorwaarden en runtime-bereikbaarheid nog per route toetsen
lib/screens/settings/add_pleya_server_screen.dart	331	onPressed: busy ? null : _submit,	Code-inventaris; platformvoorwaarden en runtime-bereikbaarheid nog per route toetsen
lib/screens/settings/appearance_settings_screen.dart	31	title: Text(t.settings.appearance),	Code-inventaris; platformvoorwaarden en runtime-bereikbaarheid nog per route toetsen
lib/screens/settings/appearance_settings_screen.dart	41	pref: SettingsService.tvFullCardLayout,	Code-inventaris; platformvoorwaarden en runtime-bereikbaarheid nog per route toetsen
lib/screens/settings/appearance_settings_screen.dart	43	title: t.settings.tvFullCardLayout,	Code-inventaris; platformvoorwaarden en runtime-bereikbaarheid nog per route toetsen
lib/screens/settings/appearance_settings_screen.dart	48	pref: SettingsService.focusGlow,	Code-inventaris; platformvoorwaarden en runtime-bereikbaarheid nog per route toetsen
lib/screens/settings/appearance_settings_screen.dart	50	title: t.settings.focusGlow,	Code-inventaris; platformvoorwaarden en runtime-bereikbaarheid nog per route toetsen
lib/screens/settings/appearance_settings_screen.dart	55	pref: SettingsService.tvShowTitlesUnderPosters,	Code-inventaris; platformvoorwaarden en runtime-bereikbaarheid nog per route toetsen
lib/screens/settings/appearance_settings_screen.dart	57	title: t.settings.tvShowTitlesUnderPosters,	Code-inventaris; platformvoorwaarden en runtime-bereikbaarheid nog per route toetsen
lib/screens/settings/appearance_settings_screen.dart	62	pref: SettingsService.tvReduceMotion,	Code-inventaris; platformvoorwaarden en runtime-bereikbaarheid nog per route toetsen
lib/screens/settings/appearance_settings_screen.dart	64	title: t.settings.tvReduceMotion,	Code-inventaris; platformvoorwaarden en runtime-bereikbaarheid nog per route toetsen
lib/screens/settings/appearance_settings_screen.dart	74	pref: SettingsService.showEpisodeNumberOnCards,	Code-inventaris; platformvoorwaarden en runtime-bereikbaarheid nog per route toetsen
lib/screens/settings/appearance_settings_screen.dart	76	title: t.settings.showEpisodeNumberOnCards,	Code-inventaris; platformvoorwaarden en runtime-bereikbaarheid nog per route toetsen
lib/screens/settings/appearance_settings_screen.dart	81	pref: SettingsService.showSeasonPostersOnTabs,	Code-inventaris; platformvoorwaarden en runtime-bereikbaarheid nog per route toetsen
lib/screens/settings/appearance_settings_screen.dart	83	title: t.settings.showSeasonPostersOnTabs,	Code-inventaris; platformvoorwaarden en runtime-bereikbaarheid nog per route toetsen
lib/screens/settings/appearance_settings_screen.dart	90	pref: SettingsService.showHeroSection,	Code-inventaris; platformvoorwaarden en runtime-bereikbaarheid nog per route toetsen
lib/screens/settings/appearance_settings_screen.dart	92	title: t.settings.showHeroSection,	Code-inventaris; platformvoorwaarden en runtime-bereikbaarheid nog per route toetsen
lib/screens/settings/appearance_settings_screen.dart	97	pref: SettingsService.tvHeroClearLogo,	Code-inventaris; platformvoorwaarden en runtime-bereikbaarheid nog per route toetsen
lib/screens/settings/appearance_settings_screen.dart	99	title: t.settings.tvHeroClearLogo,	Code-inventaris; platformvoorwaarden en runtime-bereikbaarheid nog per route toetsen
lib/screens/settings/appearance_settings_screen.dart	104	pref: SettingsService.tvHeroAutoAdvance,	Code-inventaris; platformvoorwaarden en runtime-bereikbaarheid nog per route toetsen
lib/screens/settings/appearance_settings_screen.dart	106	title: t.settings.tvHeroAutoAdvance,	Code-inventaris; platformvoorwaarden en runtime-bereikbaarheid nog per route toetsen
lib/screens/settings/appearance_settings_screen.dart	110	pref: SettingsService.personalizedRecommendations,	Code-inventaris; platformvoorwaarden en runtime-bereikbaarheid nog per route toetsen
lib/screens/settings/appearance_settings_screen.dart	112	title: t.settings.personalizedRecommendations,	Code-inventaris; platformvoorwaarden en runtime-bereikbaarheid nog per route toetsen
lib/screens/settings/appearance_settings_screen.dart	117	pref: SettingsService.hoverExpandCards,	Code-inventaris; platformvoorwaarden en runtime-bereikbaarheid nog per route toetsen
lib/screens/settings/appearance_settings_screen.dart	119	title: t.settings.hoverExpandCards,	Code-inventaris; platformvoorwaarden en runtime-bereikbaarheid nog per route toetsen
lib/screens/settings/appearance_settings_screen.dart	124	pref: SettingsService.useGlobalHubs,	Code-inventaris; platformvoorwaarden en runtime-bereikbaarheid nog per route toetsen
lib/screens/settings/appearance_settings_screen.dart	126	title: t.settings.useGlobalHubs,	Code-inventaris; platformvoorwaarden en runtime-bereikbaarheid nog per route toetsen
lib/screens/settings/appearance_settings_screen.dart	130	pref: SettingsService.showServerNameOnHubs,	Code-inventaris; platformvoorwaarden en runtime-bereikbaarheid nog per route toetsen
lib/screens/settings/appearance_settings_screen.dart	132	title: t.settings.showServerNameOnHubs,	Code-inventaris; platformvoorwaarden en runtime-bereikbaarheid nog per route toetsen
lib/screens/settings/appearance_settings_screen.dart	140	pref: SettingsService.forceTvMode,	Code-inventaris; platformvoorwaarden en runtime-bereikbaarheid nog per route toetsen
lib/screens/settings/appearance_settings_screen.dart	142	title: t.settings.forceTvMode,	Code-inventaris; platformvoorwaarden en runtime-bereikbaarheid nog per route toetsen
lib/screens/settings/appearance_settings_screen.dart	151	pref: SettingsService.alwaysKeepSidebarOpen,	Code-inventaris; platformvoorwaarden en runtime-bereikbaarheid nog per route toetsen
lib/screens/settings/appearance_settings_screen.dart	153	title: t.settings.alwaysKeepSidebarOpen,	Code-inventaris; platformvoorwaarden en runtime-bereikbaarheid nog per route toetsen
lib/screens/settings/appearance_settings_screen.dart	158	pref: SettingsService.groupLibrariesByServer,	Code-inventaris; platformvoorwaarden en runtime-bereikbaarheid nog per route toetsen
lib/screens/settings/appearance_settings_screen.dart	160	title: t.settings.groupLibrariesByServer,	Code-inventaris; platformvoorwaarden en runtime-bereikbaarheid nog per route toetsen
lib/screens/settings/appearance_settings_screen.dart	165	pref: SettingsService.showNavBarLabels,	Code-inventaris; platformvoorwaarden en runtime-bereikbaarheid nog per route toetsen
lib/screens/settings/appearance_settings_screen.dart	167	title: t.settings.showNavBarLabels,	Code-inventaris; platformvoorwaarden en runtime-bereikbaarheid nog per route toetsen
lib/screens/settings/appearance_settings_screen.dart	171	pref: SettingsService.showUnwatchedCount,	Code-inventaris; platformvoorwaarden en runtime-bereikbaarheid nog per route toetsen
lib/screens/settings/appearance_settings_screen.dart	173	title: t.settings.showUnwatchedCount,	Code-inventaris; platformvoorwaarden en runtime-bereikbaarheid nog per route toetsen
lib/screens/settings/appearance_settings_screen.dart	180	pref: SettingsService.startInFullscreen,	Code-inventaris; platformvoorwaarden en runtime-bereikbaarheid nog per route toetsen
lib/screens/settings/appearance_settings_screen.dart	182	title: t.settings.startInFullscreen,	Code-inventaris; platformvoorwaarden en runtime-bereikbaarheid nog per route toetsen
lib/screens/settings/appearance_settings_screen.dart	186	pref: SettingsService.exitFullscreenOnPlayerClose,	Code-inventaris; platformvoorwaarden en runtime-bereikbaarheid nog per route toetsen
lib/screens/settings/appearance_settings_screen.dart	188	title: t.settings.exitFullscreenOnPlayerClose,	Code-inventaris; platformvoorwaarden en runtime-bereikbaarheid nog per route toetsen
lib/screens/settings/appearance_settings_screen.dart	195	pref: SettingsService.liveTvDefaultFavorites,	Code-inventaris; platformvoorwaarden en runtime-bereikbaarheid nog per route toetsen
lib/screens/settings/appearance_settings_screen.dart	197	title: t.settings.liveTvDefaultFavorites,	Code-inventaris; platformvoorwaarden en runtime-bereikbaarheid nog per route toetsen
lib/screens/settings/appearance_settings_screen.dart	201	pref: SettingsService.hideSpoilers,	Code-inventaris; platformvoorwaarden en runtime-bereikbaarheid nog per route toetsen
lib/screens/settings/appearance_settings_screen.dart	203	title: t.settings.hideSpoilers,	Code-inventaris; platformvoorwaarden en runtime-bereikbaarheid nog per route toetsen
lib/screens/settings/appearance_settings_screen.dart	209	pref: SettingsService.autoHidePerformanceOverlay,	Code-inventaris; platformvoorwaarden en runtime-bereikbaarheid nog per route toetsen
lib/screens/settings/appearance_settings_screen.dart	211	title: t.settings.autoHidePerformanceOverlay,	Code-inventaris; platformvoorwaarden en runtime-bereikbaarheid nog per route toetsen
lib/screens/settings/appearance_settings_screen.dart	223	title: t.settings.theme,	Code-inventaris; platformvoorwaarden en runtime-bereikbaarheid nog per route toetsen
lib/screens/settings/appearance_settings_screen.dart	240	title: Text(t.settings.language),	Code-inventaris; platformvoorwaarden en runtime-bereikbaarheid nog per route toetsen
lib/screens/settings/appearance_settings_screen.dart	243	onTap: () async {	Code-inventaris; platformvoorwaarden en runtime-bereikbaarheid nog per route toetsen
lib/screens/settings/appearance_settings_screen.dart	246	title: t.settings.language,	Code-inventaris; platformvoorwaarden en runtime-bereikbaarheid nog per route toetsen
lib/screens/settings/appearance_settings_screen.dart	248	.map((locale) => DialogOption(value: locale, title: _getLanguageDisplayName(locale)))	Code-inventaris; platformvoorwaarden en runtime-bereikbaarheid nog per route toetsen
lib/screens/settings/appearance_settings_screen.dart	266	pref: SettingsService.libraryDensity,	Code-inventaris; platformvoorwaarden en runtime-bereikbaarheid nog per route toetsen
lib/screens/settings/appearance_settings_screen.dart	291	pref: SettingsService.viewMode,	Code-inventaris; platformvoorwaarden en runtime-bereikbaarheid nog per route toetsen
lib/screens/settings/appearance_settings_screen.dart	293	title: t.settings.viewMode,	Code-inventaris; platformvoorwaarden en runtime-bereikbaarheid nog per route toetsen
lib/screens/settings/appearance_settings_screen.dart	303	pref: SettingsService.episodePosterMode,	Code-inventaris; platformvoorwaarden en runtime-bereikbaarheid nog per route toetsen
lib/screens/settings/appearance_settings_screen.dart	305	title: t.settings.episodePosterMode,	Code-inventaris; platformvoorwaarden en runtime-bereikbaarheid nog per route toetsen
lib/screens/settings/appearance_settings_screen.dart	316	pref: SettingsService.continueWatchingAction,	Code-inventaris; platformvoorwaarden en runtime-bereikbaarheid nog per route toetsen
lib/screens/settings/appearance_settings_screen.dart	318	title: t.settings.continueWatchingAction,	Code-inventaris; platformvoorwaarden en runtime-bereikbaarheid nog per route toetsen
lib/screens/settings/appearance_settings_screen.dart	328	pref: SettingsService.episodeAction,	Code-inventaris; platformvoorwaarden en runtime-bereikbaarheid nog per route toetsen
lib/screens/settings/appearance_settings_screen.dart	330	title: t.settings.episodeAction,	Code-inventaris; platformvoorwaarden en runtime-bereikbaarheid nog per route toetsen
lib/screens/settings/appearance_settings_screen.dart	351	pref: SettingsService.startupSection,	Code-inventaris; platformvoorwaarden en runtime-bereikbaarheid nog per route toetsen
lib/screens/settings/appearance_settings_screen.dart	353	title: t.settings.startupSection,	Code-inventaris; platformvoorwaarden en runtime-bereikbaarheid nog per route toetsen
lib/screens/settings/appearance_settings_screen.dart	355	options: _startupSectionOptions.map((id) => DialogOption(value: id, title: _startupSectionLabel(id))).toList(),	Code-inventaris; platformvoorwaarden en runtime-bereikbaarheid nog per route toetsen
lib/screens/settings/appearance_settings_screen.dart	368	pref: SettingsService.visualEffects,	Code-inventaris; platformvoorwaarden en runtime-bereikbaarheid nog per route toetsen
lib/screens/settings/appearance_settings_screen.dart	370	title: t.settings.visualEffects,	Code-inventaris; platformvoorwaarden en runtime-bereikbaarheid nog per route toetsen
lib/screens/settings/appearance_settings_screen.dart	375	title: t.settings.visualEffectsAuto,	Code-inventaris; platformvoorwaarden en runtime-bereikbaarheid nog per route toetsen
lib/screens/settings/appearance_settings_screen.dart	378	DialogOption(value: VisualEffectsSetting.full, title: t.settings.visualEffectsFull),	Code-inventaris; platformvoorwaarden en runtime-bereikbaarheid nog per route toetsen
lib/screens/settings/appearance_settings_screen.dart	381	title: t.settings.visualEffectsReduced,	Code-inventaris; platformvoorwaarden en runtime-bereikbaarheid nog per route toetsen
lib/screens/settings/appearance_settings_screen.dart	398	pref: SettingsService.requireProfileSelectionOnOpen,	Code-inventaris; platformvoorwaarden en runtime-bereikbaarheid nog per route toetsen
lib/screens/settings/appearance_settings_screen.dart	400	title: t.settings.requireProfileSelectionOnOpen,	Code-inventaris; platformvoorwaarden en runtime-bereikbaarheid nog per route toetsen
lib/screens/settings/connections_section.dart	69	title: t.connections.sectionTitle,	Code-inventaris; platformvoorwaarden en runtime-bereikbaarheid nog per route toetsen
lib/screens/settings/connections_section.dart	77	title: t.connections.addConnection,	Code-inventaris; platformvoorwaarden en runtime-bereikbaarheid nog per route toetsen
lib/screens/settings/connections_section.dart	79	onTap: () {	Code-inventaris; platformvoorwaarden en runtime-bereikbaarheid nog per route toetsen
lib/screens/settings/connections_section.dart	86	title: t.pleyaShare.hostTitle,	Code-inventaris; platformvoorwaarden en runtime-bereikbaarheid nog per route toetsen
lib/screens/settings/connections_section.dart	88	onTap: () {	Code-inventaris; platformvoorwaarden en runtime-bereikbaarheid nog per route toetsen
lib/screens/settings/connections_section.dart	123	title: source.displayLabel,	Code-inventaris; platformvoorwaarden en runtime-bereikbaarheid nog per route toetsen
lib/screens/settings/connections_section.dart	167	title: server.displayLabel,	Code-inventaris; platformvoorwaarden en runtime-bereikbaarheid nog per route toetsen
lib/screens/settings/connections_section.dart	195	onSelect: onRemove,	Code-inventaris; platformvoorwaarden en runtime-bereikbaarheid nog per route toetsen
lib/screens/settings/connections_section.dart	199	title: Text(title),	Code-inventaris; platformvoorwaarden en runtime-bereikbaarheid nog per route toetsen
lib/screens/settings/connections_section.dart	204	onPressed: onRemove,	Code-inventaris; platformvoorwaarden en runtime-bereikbaarheid nog per route toetsen
lib/screens/settings/connections_section.dart	231	title: t.connections.disconnectServer,	Code-inventaris; platformvoorwaarden en runtime-bereikbaarheid nog per route toetsen
lib/screens/settings/connections_section.dart	243	title: t.connections.removeSource,	Code-inventaris; platformvoorwaarden en runtime-bereikbaarheid nog per route toetsen
lib/screens/settings/download_location_dialog.dart	27	title: Text(t.settings.downloads),	Code-inventaris; platformvoorwaarden en runtime-bereikbaarheid nog per route toetsen
lib/screens/settings/download_location_dialog.dart	48	onPressed: () async {	Code-inventaris; platformvoorwaarden en runtime-bereikbaarheid nog per route toetsen
lib/screens/settings/download_location_dialog.dart	57	DialogActionButton(onPressed: () => Navigator.pop(dialogContext), label: t.common.cancel),	Code-inventaris; platformvoorwaarden en runtime-bereikbaarheid nog per route toetsen
lib/screens/settings/download_location_dialog.dart	59	onPressed: () async {	Code-inventaris; platformvoorwaarden en runtime-bereikbaarheid nog per route toetsen
lib/screens/settings/downloads_settings_screen.dart	37	title: Text(t.settings.downloads),	Code-inventaris; platformvoorwaarden en runtime-bereikbaarheid nog per route toetsen
lib/screens/settings/downloads_settings_screen.dart	46	title: Text(isCustom ? t.settings.downloadLocationCustom : t.settings.downloadLocationDefault),	Code-inventaris; platformvoorwaarden en runtime-bereikbaarheid nog per route toetsen
lib/screens/settings/downloads_settings_screen.dart	53	onTap: () => showDownloadLocationDialog(context, onChanged: () => setState(() {})),	Code-inventaris; platformvoorwaarden en runtime-bereikbaarheid nog per route toetsen
lib/screens/settings/downloads_settings_screen.dart	58	pref: settings.SettingsService.downloadOnWifiOnly,	Code-inventaris; platformvoorwaarden en runtime-bereikbaarheid nog per route toetsen
lib/screens/settings/downloads_settings_screen.dart	60	title: t.settings.downloadOnWifiOnly,	Code-inventaris; platformvoorwaarden en runtime-bereikbaarheid nog per route toetsen
lib/screens/settings/downloads_settings_screen.dart	64	pref: settings.SettingsService.autoRemoveWatchedDownloads,	Code-inventaris; platformvoorwaarden en runtime-bereikbaarheid nog per route toetsen
lib/screens/settings/downloads_settings_screen.dart	66	title: t.settings.autoRemoveWatchedDownloads,	Code-inventaris; platformvoorwaarden en runtime-bereikbaarheid nog per route toetsen
lib/screens/settings/edit_jellyfin_connection_screen.dart	76	title: Text(t.connections.editJellyfinTitle),	Code-inventaris; platformvoorwaarden en runtime-bereikbaarheid nog per route toetsen
lib/screens/settings/edit_jellyfin_connection_screen.dart	111	onPressed: busy ? null : _save,	Code-inventaris; platformvoorwaarden en runtime-bereikbaarheid nog per route toetsen
lib/screens/settings/edit_jellyfin_connection_screen.dart	113	onPressed: busy ? null : _save,	Code-inventaris; platformvoorwaarden en runtime-bereikbaarheid nog per route toetsen
lib/screens/settings/external_player_screen.dart	26	title: Text(t.externalPlayer.title),	Code-inventaris; platformvoorwaarden en runtime-bereikbaarheid nog per route toetsen
lib/screens/settings/external_player_screen.dart	29	pref: SettingsService.useExternalPlayer,	Code-inventaris; platformvoorwaarden en runtime-bereikbaarheid nog per route toetsen
lib/screens/settings/external_player_screen.dart	31	title: t.externalPlayer.useExternalPlayer,	Code-inventaris; platformvoorwaarden en runtime-bereikbaarheid nog per route toetsen
lib/screens/settings/external_player_screen.dart	53	title: Text(t.externalPlayer.addCustomPlayer),	Code-inventaris; platformvoorwaarden en runtime-bereikbaarheid nog per route toetsen
lib/screens/settings/external_player_screen.dart	54	onTap: () => _showAddCustomPlayerDialog(context),	Code-inventaris; platformvoorwaarden en runtime-bereikbaarheid nog per route toetsen
lib/screens/settings/external_player_screen.dart	98	title: Text(player.id == 'system_default' ? t.externalPlayer.systemDefault : player.name),	Code-inventaris; platformvoorwaarden en runtime-bereikbaarheid nog per route toetsen
lib/screens/settings/external_player_screen.dart	105	onPressed: () => svc.removeCustomExternalPlayer(player.id),	Code-inventaris; platformvoorwaarden en runtime-bereikbaarheid nog per route toetsen
lib/screens/settings/external_player_screen.dart	114	onTap: () => svc.write(SettingsService.selectedExternalPlayer, player),	Code-inventaris; platformvoorwaarden en runtime-bereikbaarheid nog per route toetsen
lib/screens/settings/external_player_screen.dart	182	title: Text(t.externalPlayer.addCustomPlayer),	Code-inventaris; platformvoorwaarden en runtime-bereikbaarheid nog per route toetsen
lib/screens/settings/external_player_screen.dart	226	onPressed: () => Navigator.pop(context),	Code-inventaris; platformvoorwaarden en runtime-bereikbaarheid nog per route toetsen
lib/screens/settings/external_player_screen.dart	227	child: TextButton(onPressed: () => Navigator.pop(context), child: Text(t.common.cancel)),	Code-inventaris; platformvoorwaarden en runtime-bereikbaarheid nog per route toetsen
lib/screens/settings/external_player_screen.dart	231	onPressed: _submit,	Code-inventaris; platformvoorwaarden en runtime-bereikbaarheid nog per route toetsen
lib/screens/settings/external_player_screen.dart	232	child: FilledButton(onPressed: _submit, child: Text(t.common.save)),	Code-inventaris; platformvoorwaarden en runtime-bereikbaarheid nog per route toetsen
lib/screens/settings/home_layout_screen.dart	44	title: Text(t.settings.homeLayout),	Code-inventaris; platformvoorwaarden en runtime-bereikbaarheid nog per route toetsen
lib/screens/settings/home_layout_screen.dart	72	title: Text(hub.title),	Code-inventaris; platformvoorwaarden en runtime-bereikbaarheid nog per route toetsen
lib/screens/settings/home_layout_screen.dart	81	onPressed: index == 0 ? null : () => move(index, index - 1),	Code-inventaris; platformvoorwaarden en runtime-bereikbaarheid nog per route toetsen
lib/screens/settings/home_layout_screen.dart	86	onPressed: index == ids.length - 1 ? null : () => move(index, index + 1),	Code-inventaris; platformvoorwaarden en runtime-bereikbaarheid nog per route toetsen
lib/screens/settings/home_layout_screen.dart	97	title: Text(t.settings.homeLayout),	Code-inventaris; platformvoorwaarden en runtime-bereikbaarheid nog per route toetsen
lib/screens/settings/hotkey_recorder_widget.dart	39	title: Text(t.hotkeys.setShortcutFor(actionName: widget.actionName)),	Code-inventaris; platformvoorwaarden en runtime-bereikbaarheid nog per route toetsen
lib/screens/settings/hotkey_recorder_widget.dart	74	onPressed: () {	Code-inventaris; platformvoorwaarden en runtime-bereikbaarheid nog per route toetsen
lib/screens/settings/hotkey_recorder_widget.dart	99	TextButton(onPressed: widget.onCancel, child: Text(t.common.cancel)),	Code-inventaris; platformvoorwaarden en runtime-bereikbaarheid nog per route toetsen
lib/screens/settings/hotkey_recorder_widget.dart	101	onPressed: _recordedHotKey != null ? () => widget.onHotKeyRecorded(_recordedHotKey!) : null,	Code-inventaris; platformvoorwaarden en runtime-bereikbaarheid nog per route toetsen
lib/screens/settings/keyboard_shortcuts_screen.dart	29	title: Text(t.settings.keyboardShortcuts),	Code-inventaris; platformvoorwaarden en runtime-bereikbaarheid nog per route toetsen
lib/screens/settings/keyboard_shortcuts_screen.dart	37	onPressed: () => _resetShortcuts(context),	Code-inventaris; platformvoorwaarden en runtime-bereikbaarheid nog per route toetsen
lib/screens/settings/keyboard_shortcuts_screen.dart	38	child: TextButton(onPressed: () => _resetShortcuts(context), child: Text(t.common.reset)),	Code-inventaris; platformvoorwaarden en runtime-bereikbaarheid nog per route toetsen
lib/screens/settings/keyboard_shortcuts_screen.dart	53	title: Text(keyboardService.getActionDisplayName(action)),	Code-inventaris; platformvoorwaarden en runtime-bereikbaarheid nog per route toetsen
lib/screens/settings/keyboard_shortcuts_screen.dart	66	onTap: () => _editHotkey(context, action, hotkey),	Code-inventaris; platformvoorwaarden en runtime-bereikbaarheid nog per route toetsen
lib/screens/settings/language_settings_screen.dart	107	title: t.languageSettings.audio,	Code-inventaris; platformvoorwaarden en runtime-bereikbaarheid nog per route toetsen
lib/screens/settings/language_settings_screen.dart	126	title: t.languageSettings.subtitles,	Code-inventaris; platformvoorwaarden en runtime-bereikbaarheid nog per route toetsen
lib/screens/settings/language_settings_screen.dart	138	title: t.languageSettings.subtitleFallback,	Code-inventaris; platformvoorwaarden en runtime-bereikbaarheid nog per route toetsen
lib/screens/settings/language_settings_screen.dart	158	title: t.languageSettings.subtitleDisplay,	Code-inventaris; platformvoorwaarden en runtime-bereikbaarheid nog per route toetsen
lib/screens/settings/language_settings_screen.dart	161	DialogOption(value: noPreference, title: t.languageSettings.noPreference),	Code-inventaris; platformvoorwaarden en runtime-bereikbaarheid nog per route toetsen
lib/screens/settings/language_settings_screen.dart	164	title: t.languageSettings.subtitleDisplayForeign,	Code-inventaris; platformvoorwaarden en runtime-bereikbaarheid nog per route toetsen
lib/screens/settings/language_settings_screen.dart	166	DialogOption(value: SubtitleDisplayPolicy.always.name, title: t.languageSettings.subtitleDisplayAlways),	Code-inventaris; platformvoorwaarden en runtime-bereikbaarheid nog per route toetsen
lib/screens/settings/language_settings_screen.dart	167	DialogOption(value: SubtitleDisplayPolicy.never.name, title: t.languageSettings.subtitleDisplayNever),	Code-inventaris; platformvoorwaarden en runtime-bereikbaarheid nog per route toetsen
lib/screens/settings/language_settings_screen.dart	231	title: Text(t.languageSettings.title),	Code-inventaris; platformvoorwaarden en runtime-bereikbaarheid nog per route toetsen
lib/screens/settings/language_settings_screen.dart	237	title: t.languageSettings.audio,	Code-inventaris; platformvoorwaarden en runtime-bereikbaarheid nog per route toetsen
lib/screens/settings/language_settings_screen.dart	240	onSelect: () => _editAudioLanguage(global),	Code-inventaris; platformvoorwaarden en runtime-bereikbaarheid nog per route toetsen
lib/screens/settings/language_settings_screen.dart	244	title: t.languageSettings.subtitles,	Code-inventaris; platformvoorwaarden en runtime-bereikbaarheid nog per route toetsen
lib/screens/settings/language_settings_screen.dart	247	onSelect: () => _editSubtitleLanguage(global),	Code-inventaris; platformvoorwaarden en runtime-bereikbaarheid nog per route toetsen
lib/screens/settings/language_settings_screen.dart	251	title: t.languageSettings.subtitleFallback,	Code-inventaris; platformvoorwaarden en runtime-bereikbaarheid nog per route toetsen
lib/screens/settings/language_settings_screen.dart	254	onSelect: () => _editSubtitleFallback(global),	Code-inventaris; platformvoorwaarden en runtime-bereikbaarheid nog per route toetsen
lib/screens/settings/language_settings_screen.dart	258	title: t.languageSettings.subtitleDisplay,	Code-inventaris; platformvoorwaarden en runtime-bereikbaarheid nog per route toetsen
lib/screens/settings/language_settings_screen.dart	261	onSelect: () => _editSubtitlePolicy(global),	Code-inventaris; platformvoorwaarden en runtime-bereikbaarheid nog per route toetsen
lib/screens/settings/language_settings_screen.dart	267	title: t.settings.rememberTrackSelections,	Code-inventaris; platformvoorwaarden en runtime-bereikbaarheid nog per route toetsen
lib/screens/settings/language_settings_screen.dart	274	title: t.settings.writeSeriesLanguageToServer,	Code-inventaris; platformvoorwaarden en runtime-bereikbaarheid nog per route toetsen
lib/screens/settings/language_settings_screen.dart	286	for (final entry in _series) SeriesLanguageRow(entry: entry, onSelect: () => _openSeries(entry, global)),	Code-inventaris; platformvoorwaarden en runtime-bereikbaarheid nog per route toetsen
lib/screens/settings/language_settings_screen.dart	358	onSelect: onSelect,	Code-inventaris; platformvoorwaarden en runtime-bereikbaarheid nog per route toetsen
lib/screens/settings/language_settings_screen.dart	362	title: Text(title),	Code-inventaris; platformvoorwaarden en runtime-bereikbaarheid nog per route toetsen
lib/screens/settings/language_settings_screen.dart	383	onTap: onSelect,	Code-inventaris; platformvoorwaarden en runtime-bereikbaarheid nog per route toetsen
lib/screens/settings/library_visibility_screen.dart	23	title: Text(t.settings.libraryVisibility),	Code-inventaris; platformvoorwaarden en runtime-bereikbaarheid nog per route toetsen
lib/screens/settings/library_visibility_screen.dart	30	title: Text(library.title),	Code-inventaris; platformvoorwaarden en runtime-bereikbaarheid nog per route toetsen
lib/screens/settings/licenses_screen.dart	56	return FocusedScrollScaffold(title: Text(t.screens.licenses), slivers: [LoadingIndicatorBox.sliver]);	Code-inventaris; platformvoorwaarden en runtime-bereikbaarheid nog per route toetsen
lib/screens/settings/licenses_screen.dart	60	title: Text(t.screens.licenses),	Code-inventaris; platformvoorwaarden en runtime-bereikbaarheid nog per route toetsen
lib/screens/settings/licenses_screen.dart	72	title: Text(	Code-inventaris; platformvoorwaarden en runtime-bereikbaarheid nog per route toetsen
lib/screens/settings/licenses_screen.dart	80	onTap: () => _showLicenseDetail(context, mergedLicense),	Code-inventaris; platformvoorwaarden en runtime-bereikbaarheid nog per route toetsen
lib/screens/settings/licenses_screen.dart	111	title: Text(packageName),	Code-inventaris; platformvoorwaarden en runtime-bereikbaarheid nog per route toetsen
lib/screens/settings/logs_screen.dart	290	title: Text(t.messages.logsUploaded),	Code-inventaris; platformvoorwaarden en runtime-bereikbaarheid nog per route toetsen
lib/screens/settings/logs_screen.dart	301	onPressed: () {	Code-inventaris; platformvoorwaarden en runtime-bereikbaarheid nog per route toetsen
lib/screens/settings/logs_screen.dart	311	onPressed: () => Navigator.of(ctx).pop(),	Code-inventaris; platformvoorwaarden en runtime-bereikbaarheid nog per route toetsen
lib/screens/settings/logs_screen.dart	312	child: TextButton(onPressed: () => Navigator.of(ctx).pop(), child: Text(t.common.close)),	Code-inventaris; platformvoorwaarden en runtime-bereikbaarheid nog per route toetsen
lib/screens/settings/logs_screen.dart	571	title: t.tvMyPleya.logs,	Code-inventaris; platformvoorwaarden en runtime-bereikbaarheid nog per route toetsen
lib/screens/settings/logs_screen.dart	578	TvPageChip(key: 'refresh', icon: Symbols.refresh_rounded, label: t.logs.refreshLogs, onSelect: _loadLogs),	Code-inventaris; platformvoorwaarden en runtime-bereikbaarheid nog per route toetsen
lib/screens/settings/logs_screen.dart	583	onSelect: hasLogs && !_isUploading ? _uploadLogs : null,	Code-inventaris; platformvoorwaarden en runtime-bereikbaarheid nog per route toetsen
lib/screens/settings/logs_screen.dart	589	onSelect: hasLogs ? _copyAllLogs : null,	Code-inventaris; platformvoorwaarden en runtime-bereikbaarheid nog per route toetsen
lib/screens/settings/logs_screen.dart	595	onSelect: hasLogs ? _clearLogs : null,	Code-inventaris; platformvoorwaarden en runtime-bereikbaarheid nog per route toetsen
lib/screens/settings/logs_screen.dart	605	onSelect: () => setState(() => _levelFilter = filter),	Code-inventaris; platformvoorwaarden en runtime-bereikbaarheid nog per route toetsen
lib/screens/settings/logs_screen.dart	650	title: Text(t.screens.logs),	Code-inventaris; platformvoorwaarden en runtime-bereikbaarheid nog per route toetsen
lib/screens/settings/logs_screen.dart	655	FocusableAction(icon: Symbols.refresh_rounded, tooltip: t.common.refresh, onPressed: _loadLogs),	Code-inventaris; platformvoorwaarden en runtime-bereikbaarheid nog per route toetsen
lib/screens/settings/logs_screen.dart	659	onPressed: _logs.isNotEmpty && !_isUploading ? _uploadLogs : null,	Code-inventaris; platformvoorwaarden en runtime-bereikbaarheid nog per route toetsen
lib/screens/settings/logs_screen.dart	664	onPressed: _logs.isNotEmpty ? _copyAllLogs : null,	Code-inventaris; platformvoorwaarden en runtime-bereikbaarheid nog per route toetsen
lib/screens/settings/logs_screen.dart	669	onPressed: _logs.isNotEmpty ? _clearLogs : null,	Code-inventaris; platformvoorwaarden en runtime-bereikbaarheid nog per route toetsen
lib/screens/settings/mpv_config_screen.dart	64	title: t.mpvConfig.saveAsPreset,	Code-inventaris; platformvoorwaarden en runtime-bereikbaarheid nog per route toetsen
lib/screens/settings/mpv_config_screen.dart	84	title: t.mpvConfig.deletePreset,	Code-inventaris; platformvoorwaarden en runtime-bereikbaarheid nog per route toetsen
lib/screens/settings/mpv_config_screen.dart	110	title: Text(t.screens.mpvConfig),	Code-inventaris; platformvoorwaarden en runtime-bereikbaarheid nog per route toetsen
lib/screens/settings/mpv_config_screen.dart	195	pref: SettingsService.mpvPresets,	Code-inventaris; platformvoorwaarden en runtime-bereikbaarheid nog per route toetsen
lib/screens/settings/mpv_config_screen.dart	210	title: Text(t.mpvConfig.saveAsPreset),	Code-inventaris; platformvoorwaarden en runtime-bereikbaarheid nog per route toetsen
lib/screens/settings/mpv_config_screen.dart	212	onTap: _textController.text.trim().isNotEmpty ? _showSavePresetDialog : null,	Code-inventaris; platformvoorwaarden en runtime-bereikbaarheid nog per route toetsen
lib/screens/settings/mpv_config_screen.dart	219	title: Text(preset.name),	Code-inventaris; platformvoorwaarden en runtime-bereikbaarheid nog per route toetsen
lib/screens/settings/mpv_config_screen.dart	234	onTap: () => _loadPreset(preset),	Code-inventaris; platformvoorwaarden en runtime-bereikbaarheid nog per route toetsen
lib/screens/settings/parts/language_picker_dialog.dart	79	title: Text(title),	Code-inventaris; platformvoorwaarden en runtime-bereikbaarheid nog per route toetsen
lib/screens/settings/parts/language_picker_dialog.dart	98	title: Text(labels[option] ?? ''),	Code-inventaris; platformvoorwaarden en runtime-bereikbaarheid nog per route toetsen
lib/screens/settings/parts/language_picker_dialog.dart	101	onTap: () => Navigator.pop(dialogContext, option),	Code-inventaris; platformvoorwaarden en runtime-bereikbaarheid nog per route toetsen
lib/screens/settings/parts/language_settings_tv.dart	47	title: t.languageSettings.audio,	Code-inventaris; platformvoorwaarden en runtime-bereikbaarheid nog per route toetsen
lib/screens/settings/parts/language_settings_tv.dart	51	onSelect: () => _editAudioLanguage(global),	Code-inventaris; platformvoorwaarden en runtime-bereikbaarheid nog per route toetsen
lib/screens/settings/parts/language_settings_tv.dart	55	title: t.languageSettings.subtitles,	Code-inventaris; platformvoorwaarden en runtime-bereikbaarheid nog per route toetsen
lib/screens/settings/parts/language_settings_tv.dart	59	onSelect: () => _editSubtitleLanguage(global),	Code-inventaris; platformvoorwaarden en runtime-bereikbaarheid nog per route toetsen
lib/screens/settings/parts/language_settings_tv.dart	63	title: t.languageSettings.subtitleFallback,	Code-inventaris; platformvoorwaarden en runtime-bereikbaarheid nog per route toetsen
lib/screens/settings/parts/language_settings_tv.dart	67	onSelect: () => _editSubtitleFallback(global),	Code-inventaris; platformvoorwaarden en runtime-bereikbaarheid nog per route toetsen
lib/screens/settings/parts/language_settings_tv.dart	71	title: t.languageSettings.subtitleDisplay,	Code-inventaris; platformvoorwaarden en runtime-bereikbaarheid nog per route toetsen
lib/screens/settings/parts/language_settings_tv.dart	75	onSelect: () => _editSubtitlePolicy(global),	Code-inventaris; platformvoorwaarden en runtime-bereikbaarheid nog per route toetsen
lib/screens/settings/parts/language_settings_tv.dart	79	title: t.settings.rememberTrackSelections,	Code-inventaris; platformvoorwaarden en runtime-bereikbaarheid nog per route toetsen
lib/screens/settings/parts/language_settings_tv.dart	83	onSelect: () => PleyaProfileLanguagePreferenceStore.update(	Code-inventaris; platformvoorwaarden en runtime-bereikbaarheid nog per route toetsen
lib/screens/settings/parts/language_settings_tv.dart	89	title: t.settings.writeSeriesLanguageToServer,	Code-inventaris; platformvoorwaarden en runtime-bereikbaarheid nog per route toetsen
lib/screens/settings/parts/language_settings_tv.dart	93	onSelect: () => PleyaProfileLanguagePreferenceStore.update(	Code-inventaris; platformvoorwaarden en runtime-bereikbaarheid nog per route toetsen
lib/screens/settings/parts/language_settings_tv.dart	103	title: t.languageSettings.title,	Code-inventaris; platformvoorwaarden en runtime-bereikbaarheid nog per route toetsen
lib/screens/settings/parts/language_settings_tv.dart	148	title: rows[index].title,	Code-inventaris; platformvoorwaarden en runtime-bereikbaarheid nog per route toetsen
lib/screens/settings/parts/language_settings_tv.dart	153	onSelect: rows[index].onSelect,	Code-inventaris; platformvoorwaarden en runtime-bereikbaarheid nog per route toetsen
lib/screens/settings/parts/language_settings_tv.dart	201	onSelect: () => _openSeries(_series[index], global),	Code-inventaris; platformvoorwaarden en runtime-bereikbaarheid nog per route toetsen
lib/screens/settings/parts/series_language_row.dart	151	onSelect: onSelect,	Code-inventaris; platformvoorwaarden en runtime-bereikbaarheid nog per route toetsen
lib/screens/settings/parts/series_language_row.dart	155	title: Text(seriesDisplayTitle(entry)),	Code-inventaris; platformvoorwaarden en runtime-bereikbaarheid nog per route toetsen
lib/screens/settings/parts/series_language_row.dart	164	onTap: onSelect,	Code-inventaris; platformvoorwaarden en runtime-bereikbaarheid nog per route toetsen
lib/screens/settings/parts/series_language_row.dart	198	onSelect: onSelect,	Code-inventaris; platformvoorwaarden en runtime-bereikbaarheid nog per route toetsen
lib/screens/settings/parts/series_language_row.dart	354	onSelect: onSelect,	Code-inventaris; platformvoorwaarden en runtime-bereikbaarheid nog per route toetsen
lib/screens/settings/parts/series_language_sheet.dart	169	onPressed: onUseGlobal,	Code-inventaris; platformvoorwaarden en runtime-bereikbaarheid nog per route toetsen
lib/screens/settings/parts/series_language_sheet.dart	184	TvPanelButton(scale: scale, label: t.common.close, onPressed: onClose, primary: false),	Code-inventaris; platformvoorwaarden en runtime-bereikbaarheid nog per route toetsen
lib/screens/settings/parts/settings_tv_page.dart	53	title: title,	Code-inventaris; platformvoorwaarden en runtime-bereikbaarheid nog per route toetsen
lib/screens/settings/parts/settings_tv_page.dart	58	onSelect: !enabled	Code-inventaris; platformvoorwaarden en runtime-bereikbaarheid nog per route toetsen
lib/screens/settings/parts/settings_tv_page.dart	109	title: t.settings.title,	Code-inventaris; platformvoorwaarden en runtime-bereikbaarheid nog per route toetsen
lib/screens/settings/parts/settings_tv_page.dart	123	title: t.settings.supportDeveloper,	Code-inventaris; platformvoorwaarden en runtime-bereikbaarheid nog per route toetsen
lib/screens/settings/parts/settings_tv_page.dart	125	onSelect: _handleDonateTap,	Code-inventaris; platformvoorwaarden en runtime-bereikbaarheid nog per route toetsen
lib/screens/settings/parts/settings_tv_page.dart	135	title: t.settings.appearance,	Code-inventaris; platformvoorwaarden en runtime-bereikbaarheid nog per route toetsen
lib/screens/settings/parts/settings_tv_page.dart	139	onSelect: () => open('appearance', (_) => const AppearanceSettingsScreen()),	Code-inventaris; platformvoorwaarden en runtime-bereikbaarheid nog per route toetsen
lib/screens/settings/parts/settings_tv_page.dart	144	title: t.settings.libraryVisibility,	Code-inventaris; platformvoorwaarden en runtime-bereikbaarheid nog per route toetsen
lib/screens/settings/parts/settings_tv_page.dart	146	onSelect: () => open('libraryVisibility', (_) => const LibraryVisibilityScreen()),	Code-inventaris; platformvoorwaarden en runtime-bereikbaarheid nog per route toetsen
lib/screens/settings/parts/settings_tv_page.dart	151	title: t.settings.homeLayout,	Code-inventaris; platformvoorwaarden en runtime-bereikbaarheid nog per route toetsen
lib/screens/settings/parts/settings_tv_page.dart	153	onSelect: () => open('homeLayout', (_) => const HomeLayoutScreen()),	Code-inventaris; platformvoorwaarden en runtime-bereikbaarheid nog per route toetsen
lib/screens/settings/parts/settings_tv_page.dart	158	title: t.settings.videoPlayback,	Code-inventaris; platformvoorwaarden en runtime-bereikbaarheid nog per route toetsen
lib/screens/settings/parts/settings_tv_page.dart	160	onSelect: () => open('playback', (_) => const PlaybackSettingsScreen()),	Code-inventaris; platformvoorwaarden en runtime-bereikbaarheid nog per route toetsen
lib/screens/settings/parts/settings_tv_page.dart	165	title: t.languageSettings.title,	Code-inventaris; platformvoorwaarden en runtime-bereikbaarheid nog per route toetsen
lib/screens/settings/parts/settings_tv_page.dart	167	onSelect: () => open('language', (_) => const LanguageSettingsScreen()),	Code-inventaris; platformvoorwaarden en runtime-bereikbaarheid nog per route toetsen
lib/screens/settings/parts/settings_tv_page.dart	172	title: t.settings.subtitleStyling,	Code-inventaris; platformvoorwaarden en runtime-bereikbaarheid nog per route toetsen
lib/screens/settings/parts/settings_tv_page.dart	174	onSelect: () => open('subtitleStyling', (_) => const SubtitleStylingScreen()),	Code-inventaris; platformvoorwaarden en runtime-bereikbaarheid nog per route toetsen
lib/screens/settings/parts/settings_tv_page.dart	179	title: t.settings.trackers,	Code-inventaris; platformvoorwaarden en runtime-bereikbaarheid nog per route toetsen
lib/screens/settings/parts/settings_tv_page.dart	182	onSelect: () => open('trackers', (_) => const TrackersSettingsScreen()),	Code-inventaris; platformvoorwaarden en runtime-bereikbaarheid nog per route toetsen
lib/screens/settings/parts/settings_tv_page.dart	187	title: t.settings.requests,	Code-inventaris; platformvoorwaarden en runtime-bereikbaarheid nog per route toetsen
lib/screens/settings/parts/settings_tv_page.dart	190	onSelect: () => open('requests', (_) => const SeerrSettingsScreen()),	Code-inventaris; platformvoorwaarden en runtime-bereikbaarheid nog per route toetsen
lib/screens/settings/parts/settings_tv_page.dart	196	title: t.tautulli.title,	Code-inventaris; platformvoorwaarden en runtime-bereikbaarheid nog per route toetsen
lib/screens/settings/parts/settings_tv_page.dart	201	onSelect: () => open('tautulli', (_) => const TautulliSettingsScreen()),	Code-inventaris; platformvoorwaarden en runtime-bereikbaarheid nog per route toetsen
lib/screens/settings/parts/settings_tv_page.dart	211	title: t.connections.addConnection,	Code-inventaris; platformvoorwaarden en runtime-bereikbaarheid nog per route toetsen
lib/screens/settings/parts/settings_tv_page.dart	217	onSelect: () => open(	Code-inventaris; platformvoorwaarden en runtime-bereikbaarheid nog per route toetsen
lib/screens/settings/parts/settings_tv_page.dart	225	title: t.pleyaShare.hostTitle,	Code-inventaris; platformvoorwaarden en runtime-bereikbaarheid nog per route toetsen
lib/screens/settings/parts/settings_tv_page.dart	227	onSelect: () => open('pleyaShareHost', (_) => const PleyaShareHostScreen()),	Code-inventaris; platformvoorwaarden en runtime-bereikbaarheid nog per route toetsen
lib/screens/settings/parts/settings_tv_page.dart	232	title: t.profiles.sectionTitle,	Code-inventaris; platformvoorwaarden en runtime-bereikbaarheid nog per route toetsen
lib/screens/settings/parts/settings_tv_page.dart	234	onSelect: () => Navigator.of(	Code-inventaris; platformvoorwaarden en runtime-bereikbaarheid nog per route toetsen
lib/screens/settings/parts/settings_tv_page.dart	249	title: DownloadStorageService.instance.isUsingCustomPath()	Code-inventaris; platformvoorwaarden en runtime-bereikbaarheid nog per route toetsen
lib/screens/settings/parts/settings_tv_page.dart	253	onSelect: () => showDownloadLocationDialog(context, onChanged: _rebuild),	Code-inventaris; platformvoorwaarden en runtime-bereikbaarheid nog per route toetsen
lib/screens/settings/parts/settings_tv_page.dart	258	title: t.settings.downloadOnWifiOnly,	Code-inventaris; platformvoorwaarden en runtime-bereikbaarheid nog per route toetsen
lib/screens/settings/parts/settings_tv_page.dart	259	pref: settings.SettingsService.downloadOnWifiOnly,	Code-inventaris; platformvoorwaarden en runtime-bereikbaarheid nog per route toetsen
lib/screens/settings/parts/settings_tv_page.dart	264	title: t.settings.autoRemoveWatchedDownloads,	Code-inventaris; platformvoorwaarden en runtime-bereikbaarheid nog per route toetsen
lib/screens/settings/parts/settings_tv_page.dart	265	pref: settings.SettingsService.autoRemoveWatchedDownloads,	Code-inventaris; platformvoorwaarden en runtime-bereikbaarheid nog per route toetsen
lib/screens/settings/parts/settings_tv_page.dart	276	title: t.settings.videoPlayerControls,	Code-inventaris; platformvoorwaarden en runtime-bereikbaarheid nog per route toetsen
lib/screens/settings/parts/settings_tv_page.dart	278	onSelect: () =>	Code-inventaris; platformvoorwaarden en runtime-bereikbaarheid nog per route toetsen
lib/screens/settings/parts/settings_tv_page.dart	284	title: t.settings.videoPlayerNavigation,	Code-inventaris; platformvoorwaarden en runtime-bereikbaarheid nog per route toetsen
lib/screens/settings/parts/settings_tv_page.dart	285	pref: settings.SettingsService.videoPlayerNavigationEnabled,	Code-inventaris; platformvoorwaarden en runtime-bereikbaarheid nog per route toetsen
lib/screens/settings/parts/settings_tv_page.dart	295	title: t.settings.watchTogetherRelay,	Code-inventaris; platformvoorwaarden en runtime-bereikbaarheid nog per route toetsen
lib/screens/settings/parts/settings_tv_page.dart	297	onSelect: _showRelayUrlDialog,	Code-inventaris; platformvoorwaarden en runtime-bereikbaarheid nog per route toetsen
lib/screens/settings/parts/settings_tv_page.dart	302	title: t.settings.crashReporting,	Code-inventaris; platformvoorwaarden en runtime-bereikbaarheid nog per route toetsen
lib/screens/settings/parts/settings_tv_page.dart	303	pref: settings.SettingsService.crashReporting,	Code-inventaris; platformvoorwaarden en runtime-bereikbaarheid nog per route toetsen
lib/screens/settings/parts/settings_tv_page.dart	308	title: t.settings.debugLogging,	Code-inventaris; platformvoorwaarden en runtime-bereikbaarheid nog per route toetsen
lib/screens/settings/parts/settings_tv_page.dart	309	pref: settings.SettingsService.enableDebugLogging,	Code-inventaris; platformvoorwaarden en runtime-bereikbaarheid nog per route toetsen
lib/screens/settings/parts/settings_tv_page.dart	314	title: t.settings.viewLogs,	Code-inventaris; platformvoorwaarden en runtime-bereikbaarheid nog per route toetsen
lib/screens/settings/parts/settings_tv_page.dart	316	onSelect: () => open('logs', (_) => const LogsScreen()),	Code-inventaris; platformvoorwaarden en runtime-bereikbaarheid nog per route toetsen
lib/screens/settings/parts/settings_tv_page.dart	321	title: t.settings.clearCache,	Code-inventaris; platformvoorwaarden en runtime-bereikbaarheid nog per route toetsen
lib/screens/settings/parts/settings_tv_page.dart	323	onSelect: _showClearCacheDialog,	Code-inventaris; platformvoorwaarden en runtime-bereikbaarheid nog per route toetsen
lib/screens/settings/parts/settings_tv_page.dart	328	title: t.settings.resetSettings,	Code-inventaris; platformvoorwaarden en runtime-bereikbaarheid nog per route toetsen
lib/screens/settings/parts/settings_tv_page.dart	330	onSelect: _showResetSettingsDialog,	Code-inventaris; platformvoorwaarden en runtime-bereikbaarheid nog per route toetsen
lib/screens/settings/parts/settings_tv_page.dart	341	title: _hasPendingUpdate ? t.settings.updateAvailable : t.settings.checkForUpdates,	Code-inventaris; platformvoorwaarden en runtime-bereikbaarheid nog per route toetsen
lib/screens/settings/parts/settings_tv_page.dart	345	onSelect: _isCheckingForUpdate ? null : _handleCheckForUpdatesTap,	Code-inventaris; platformvoorwaarden en runtime-bereikbaarheid nog per route toetsen
lib/screens/settings/parts/settings_tv_page.dart	350	title: t.settings.autoCheckUpdatesOnStartup,	Code-inventaris; platformvoorwaarden en runtime-bereikbaarheid nog per route toetsen
lib/screens/settings/parts/settings_tv_page.dart	351	pref: settings.SettingsService.autoCheckUpdatesOnStartup,	Code-inventaris; platformvoorwaarden en runtime-bereikbaarheid nog per route toetsen
lib/screens/settings/parts/settings_tv_page.dart	366	title: t.settings.icloudSync,	Code-inventaris; platformvoorwaarden en runtime-bereikbaarheid nog per route toetsen
lib/screens/settings/parts/settings_tv_page.dart	367	pref: settings.SettingsService.icloudSyncEnabled,	Code-inventaris; platformvoorwaarden en runtime-bereikbaarheid nog per route toetsen
lib/screens/settings/parts/settings_tv_page.dart	379	title: t.settings.about,	Code-inventaris; platformvoorwaarden en runtime-bereikbaarheid nog per route toetsen
lib/screens/settings/parts/settings_tv_page.dart	381	onSelect: () => open('about', (_) => const TvAboutScreen()),	Code-inventaris; platformvoorwaarden en runtime-bereikbaarheid nog per route toetsen
lib/screens/settings/playback_settings_screen.dart	53	title: Text(t.settings.videoPlayback),	Code-inventaris; platformvoorwaarden en runtime-bereikbaarheid nog per route toetsen
lib/screens/settings/playback_settings_screen.dart	88	pref: SettingsService.seekTimeSmall,	Code-inventaris; platformvoorwaarden en runtime-bereikbaarheid nog per route toetsen
lib/screens/settings/playback_settings_screen.dart	90	title: t.settings.smallSkipDuration,	Code-inventaris; platformvoorwaarden en runtime-bereikbaarheid nog per route toetsen
lib/screens/settings/playback_settings_screen.dart	99	pref: SettingsService.seekTimeLarge,	Code-inventaris; platformvoorwaarden en runtime-bereikbaarheid nog per route toetsen
lib/screens/settings/playback_settings_screen.dart	101	title: t.settings.largeSkipDuration,	Code-inventaris; platformvoorwaarden en runtime-bereikbaarheid nog per route toetsen
lib/screens/settings/playback_settings_screen.dart	110	pref: SettingsService.rewindOnResume,	Code-inventaris; platformvoorwaarden en runtime-bereikbaarheid nog per route toetsen
lib/screens/settings/playback_settings_screen.dart	112	title: t.settings.rewindOnResume,	Code-inventaris; platformvoorwaarden en runtime-bereikbaarheid nog per route toetsen
lib/screens/settings/playback_settings_screen.dart	120	pref: SettingsService.sleepTimerDuration,	Code-inventaris; platformvoorwaarden en runtime-bereikbaarheid nog per route toetsen
lib/screens/settings/playback_settings_screen.dart	122	title: t.settings.defaultSleepTimer,	Code-inventaris; platformvoorwaarden en runtime-bereikbaarheid nog per route toetsen
lib/screens/settings/playback_settings_screen.dart	130	pref: SettingsService.volumeBoost,	Code-inventaris; platformvoorwaarden en runtime-bereikbaarheid nog per route toetsen
lib/screens/settings/playback_settings_screen.dart	132	title: t.settings.maxVolume,	Code-inventaris; platformvoorwaarden en runtime-bereikbaarheid nog per route toetsen
lib/screens/settings/playback_settings_screen.dart	146	pref: SettingsService.enableDiscordRPC,	Code-inventaris; platformvoorwaarden en runtime-bereikbaarheid nog per route toetsen
lib/screens/settings/playback_settings_screen.dart	148	title: t.settings.discordRichPresence,	Code-inventaris; platformvoorwaarden en runtime-bereikbaarheid nog per route toetsen
lib/screens/settings/playback_settings_screen.dart	154	pref: SettingsService.enableCompanionRemoteServer,	Code-inventaris; platformvoorwaarden en runtime-bereikbaarheid nog per route toetsen
lib/screens/settings/playback_settings_screen.dart	156	title: t.settings.companionRemoteServer,	Code-inventaris; platformvoorwaarden en runtime-bereikbaarheid nog per route toetsen
lib/screens/settings/playback_settings_screen.dart	166	title: t.languageSettings.title,	Code-inventaris; platformvoorwaarden en runtime-bereikbaarheid nog per route toetsen
lib/screens/settings/playback_settings_screen.dart	168	destinationBuilder: (_) => const LanguageSettingsScreen(),	Code-inventaris; platformvoorwaarden en runtime-bereikbaarheid nog per route toetsen
lib/screens/settings/playback_settings_screen.dart	171	pref: SettingsService.showChapterMarkersOnTimeline,	Code-inventaris; platformvoorwaarden en runtime-bereikbaarheid nog per route toetsen
lib/screens/settings/playback_settings_screen.dart	173	title: t.settings.showChapterMarkersOnTimeline,	Code-inventaris; platformvoorwaarden en runtime-bereikbaarheid nog per route toetsen
lib/screens/settings/playback_settings_screen.dart	178	pref: SettingsService.clickVideoTogglesPlayback,	Code-inventaris; platformvoorwaarden en runtime-bereikbaarheid nog per route toetsen
lib/screens/settings/playback_settings_screen.dart	180	title: t.settings.clickVideoTogglesPlayback,	Code-inventaris; platformvoorwaarden en runtime-bereikbaarheid nog per route toetsen
lib/screens/settings/playback_settings_screen.dart	186	pref: SettingsService.autoSkipIntro,	Code-inventaris; platformvoorwaarden en runtime-bereikbaarheid nog per route toetsen
lib/screens/settings/playback_settings_screen.dart	188	title: t.settings.autoSkipIntro,	Code-inventaris; platformvoorwaarden en runtime-bereikbaarheid nog per route toetsen
lib/screens/settings/playback_settings_screen.dart	192	pref: SettingsService.autoSkipCredits,	Code-inventaris; platformvoorwaarden en runtime-bereikbaarheid nog per route toetsen
lib/screens/settings/playback_settings_screen.dart	194	title: t.settings.autoSkipCredits,	Code-inventaris; platformvoorwaarden en runtime-bereikbaarheid nog per route toetsen
lib/screens/settings/playback_settings_screen.dart	198	pref: SettingsService.forceSkipMarkerFallback,	Code-inventaris; platformvoorwaarden en runtime-bereikbaarheid nog per route toetsen
lib/screens/settings/playback_settings_screen.dart	200	title: t.settings.forceSkipMarkerFallback,	Code-inventaris; platformvoorwaarden en runtime-bereikbaarheid nog per route toetsen
lib/screens/settings/playback_settings_screen.dart	204	pref: SettingsService.autoSkipDelay,	Code-inventaris; platformvoorwaarden en runtime-bereikbaarheid nog per route toetsen
lib/screens/settings/playback_settings_screen.dart	206	title: t.settings.autoSkipDelay,	Code-inventaris; platformvoorwaarden en runtime-bereikbaarheid nog per route toetsen
lib/screens/settings/playback_settings_screen.dart	214	pref: SettingsService.introPattern,	Code-inventaris; platformvoorwaarden en runtime-bereikbaarheid nog per route toetsen
lib/screens/settings/playback_settings_screen.dart	216	title: t.settings.introPattern,	Code-inventaris; platformvoorwaarden en runtime-bereikbaarheid nog per route toetsen
lib/screens/settings/playback_settings_screen.dart	221	pref: SettingsService.creditsPattern,	Code-inventaris; platformvoorwaarden en runtime-bereikbaarheid nog per route toetsen
lib/screens/settings/playback_settings_screen.dart	223	title: t.settings.creditsPattern,	Code-inventaris; platformvoorwaarden en runtime-bereikbaarheid nog per route toetsen
lib/screens/settings/playback_settings_screen.dart	232	pref: SettingsService.useExoPlayer,	Code-inventaris; platformvoorwaarden en runtime-bereikbaarheid nog per route toetsen
lib/screens/settings/playback_settings_screen.dart	234	title: t.settings.playerBackend,	Code-inventaris; platformvoorwaarden en runtime-bereikbaarheid nog per route toetsen
lib/screens/settings/playback_settings_screen.dart	251	title: t.externalPlayer.title,	Code-inventaris; platformvoorwaarden en runtime-bereikbaarheid nog per route toetsen
lib/screens/settings/playback_settings_screen.dart	255	destinationBuilder: (_) => const ExternalPlayerScreen(),	Code-inventaris; platformvoorwaarden en runtime-bereikbaarheid nog per route toetsen
lib/screens/settings/playback_settings_screen.dart	261	pref: SettingsService.enableHardwareDecoding,	Code-inventaris; platformvoorwaarden en runtime-bereikbaarheid nog per route toetsen
lib/screens/settings/playback_settings_screen.dart	263	title: t.settings.hardwareDecoding,	Code-inventaris; platformvoorwaarden en runtime-bereikbaarheid nog per route toetsen
lib/screens/settings/playback_settings_screen.dart	268	pref: SettingsService.autoPip,	Code-inventaris; platformvoorwaarden en runtime-bereikbaarheid nog per route toetsen
lib/screens/settings/playback_settings_screen.dart	270	title: t.settings.autoPip,	Code-inventaris; platformvoorwaarden en runtime-bereikbaarheid nog per route toetsen
lib/screens/settings/playback_settings_screen.dart	275	pref: SettingsService.matchContentFrameRate,	Code-inventaris; platformvoorwaarden en runtime-bereikbaarheid nog per route toetsen
lib/screens/settings/playback_settings_screen.dart	277	title: t.settings.matchContentFrameRate,	Code-inventaris; platformvoorwaarden en runtime-bereikbaarheid nog per route toetsen
lib/screens/settings/playback_settings_screen.dart	282	pref: SettingsService.matchRefreshRate,	Code-inventaris; platformvoorwaarden en runtime-bereikbaarheid nog per route toetsen
lib/screens/settings/playback_settings_screen.dart	284	title: t.settings.matchRefreshRate,	Code-inventaris; platformvoorwaarden en runtime-bereikbaarheid nog per route toetsen
lib/screens/settings/playback_settings_screen.dart	289	pref: SettingsService.matchDynamicRange,	Code-inventaris; platformvoorwaarden en runtime-bereikbaarheid nog per route toetsen
lib/screens/settings/playback_settings_screen.dart	291	title: t.settings.matchDynamicRange,	Code-inventaris; platformvoorwaarden en runtime-bereikbaarheid nog per route toetsen
lib/screens/settings/playback_settings_screen.dart	310	pref: SettingsService.displaySwitchDelay,	Code-inventaris; platformvoorwaarden en runtime-bereikbaarheid nog per route toetsen
lib/screens/settings/playback_settings_screen.dart	312	title: t.settings.displaySwitchDelay,	Code-inventaris; platformvoorwaarden en runtime-bereikbaarheid nog per route toetsen
lib/screens/settings/playback_settings_screen.dart	323	pref: SettingsService.useExoPlayer,	Code-inventaris; platformvoorwaarden en runtime-bereikbaarheid nog per route toetsen
lib/screens/settings/playback_settings_screen.dart	327	pref: SettingsService.tunneledPlayback,	Code-inventaris; platformvoorwaarden en runtime-bereikbaarheid nog per route toetsen
lib/screens/settings/playback_settings_screen.dart	329	title: t.settings.tunneledPlayback,	Code-inventaris; platformvoorwaarden en runtime-bereikbaarheid nog per route toetsen
lib/screens/settings/playback_settings_screen.dart	336	pref: SettingsService.audioOutputMode,	Code-inventaris; platformvoorwaarden en runtime-bereikbaarheid nog per route toetsen
lib/screens/settings/playback_settings_screen.dart	338	title: t.videoSettings.audioOutputTitle,	Code-inventaris; platformvoorwaarden en runtime-bereikbaarheid nog per route toetsen
lib/screens/settings/playback_settings_screen.dart	341	.map((m) => DialogOption(value: m, title: _audioOutputModeLabel(m), subtitle: _audioOutputModeDescription(m)))	Code-inventaris; platformvoorwaarden en runtime-bereikbaarheid nog per route toetsen
lib/screens/settings/playback_settings_screen.dart	365	pref: SettingsService.audioOutputMode,	Code-inventaris; platformvoorwaarden en runtime-bereikbaarheid nog per route toetsen
lib/screens/settings/playback_settings_screen.dart	369	pref: SettingsService.audioPriority,	Code-inventaris; platformvoorwaarden en runtime-bereikbaarheid nog per route toetsen
lib/screens/settings/playback_settings_screen.dart	371	title: t.videoSettings.audioPriorityTitle,	Code-inventaris; platformvoorwaarden en runtime-bereikbaarheid nog per route toetsen
lib/screens/settings/playback_settings_screen.dart	386	pref: SettingsService.audioLevelVolume,	Code-inventaris; platformvoorwaarden en runtime-bereikbaarheid nog per route toetsen
lib/screens/settings/playback_settings_screen.dart	388	title: t.videoSettings.audioLevelVolume,	Code-inventaris; platformvoorwaarden en runtime-bereikbaarheid nog per route toetsen
lib/screens/settings/playback_settings_screen.dart	398	pref: SettingsService.audioReduceLoudSounds,	Code-inventaris; platformvoorwaarden en runtime-bereikbaarheid nog per route toetsen
lib/screens/settings/playback_settings_screen.dart	400	title: t.videoSettings.audioReduceLoudSounds,	Code-inventaris; platformvoorwaarden en runtime-bereikbaarheid nog per route toetsen
lib/screens/settings/playback_settings_screen.dart	412	pref: SettingsService.audioSyncOffset,	Code-inventaris; platformvoorwaarden en runtime-bereikbaarheid nog per route toetsen
lib/screens/settings/playback_settings_screen.dart	414	title: t.videoSettings.audioSync,	Code-inventaris; platformvoorwaarden en runtime-bereikbaarheid nog per route toetsen
lib/screens/settings/playback_settings_screen.dart	423	pref: SettingsService.useExoPlayer,	Code-inventaris; platformvoorwaarden en runtime-bereikbaarheid nog per route toetsen
lib/screens/settings/playback_settings_screen.dart	427	pref: SettingsService.dvConversionMode,	Code-inventaris; platformvoorwaarden en runtime-bereikbaarheid nog per route toetsen
lib/screens/settings/playback_settings_screen.dart	429	title: t.settings.dvConversionMode,	Code-inventaris; platformvoorwaarden en runtime-bereikbaarheid nog per route toetsen
lib/screens/settings/playback_settings_screen.dart	432	.map((m) => DialogOption(value: m, title: _dvConversionModeLabel(m)))	Code-inventaris; platformvoorwaarden en runtime-bereikbaarheid nog per route toetsen
lib/screens/settings/playback_settings_screen.dart	450	pref: SettingsService.bufferSize,	Code-inventaris; platformvoorwaarden en runtime-bereikbaarheid nog per route toetsen
lib/screens/settings/playback_settings_screen.dart	452	title: t.settings.bufferSize,	Code-inventaris; platformvoorwaarden en runtime-bereikbaarheid nog per route toetsen
lib/screens/settings/playback_settings_screen.dart	455	.map((s) => DialogOption(value: s, title: s == 0 ? t.settings.bufferSizeAuto : '${s}MB'))	Code-inventaris; platformvoorwaarden en runtime-bereikbaarheid nog per route toetsen
lib/screens/settings/playback_settings_screen.dart	471	pref: SettingsService.defaultQualityPreset,	Code-inventaris; platformvoorwaarden en runtime-bereikbaarheid nog per route toetsen
lib/screens/settings/playback_settings_screen.dart	473	title: t.settings.defaultQualityTitle,	Code-inventaris; platformvoorwaarden en runtime-bereikbaarheid nog per route toetsen
lib/screens/settings/playback_settings_screen.dart	476	.map((p) => DialogOption(value: p, title: qualityPresetLabel(p)))	Code-inventaris; platformvoorwaarden en runtime-bereikbaarheid nog per route toetsen
lib/screens/settings/playback_settings_screen.dart	483	pref: SettingsService.useExoPlayer,	Code-inventaris; platformvoorwaarden en runtime-bereikbaarheid nog per route toetsen
lib/screens/settings/playback_settings_screen.dart	488	title: t.mpvConfig.title,	Code-inventaris; platformvoorwaarden en runtime-bereikbaarheid nog per route toetsen
lib/screens/settings/playback_settings_screen.dart	490	destinationBuilder: (_) => const MpvConfigScreen(),	Code-inventaris; platformvoorwaarden en runtime-bereikbaarheid nog per route toetsen
lib/screens/settings/pleya_share_host_screen.dart	90	title: Text(t.pleyaShare.howItWorksTitle, style: theme.textTheme.titleSmall),	Code-inventaris; platformvoorwaarden en runtime-bereikbaarheid nog per route toetsen
lib/screens/settings/pleya_share_host_screen.dart	157	title: Text(t.pleyaShare.hostTitle),	Code-inventaris; platformvoorwaarden en runtime-bereikbaarheid nog per route toetsen
lib/screens/settings/pleya_share_host_screen.dart	205	onSelect: hasFolders && !_busy ? () => _toggle(!running) : null,	Code-inventaris; platformvoorwaarden en runtime-bereikbaarheid nog per route toetsen
lib/screens/settings/pleya_share_host_screen.dart	209	title: Text(t.pleyaShare.hostToggle),	Code-inventaris; platformvoorwaarden en runtime-bereikbaarheid nog per route toetsen
lib/screens/settings/pleya_share_host_screen.dart	229	onSelect: _addFolder,	Code-inventaris; platformvoorwaarden en runtime-bereikbaarheid nog per route toetsen
lib/screens/settings/pleya_share_host_screen.dart	231	onPressed: _addFolder,	Code-inventaris; platformvoorwaarden en runtime-bereikbaarheid nog per route toetsen
lib/screens/settings/pleya_share_host_screen.dart	282	onSelect: _service.regeneratePairCode,	Code-inventaris; platformvoorwaarden en runtime-bereikbaarheid nog per route toetsen
lib/screens/settings/pleya_share_host_screen.dart	284	onPressed: _service.regeneratePairCode,	Code-inventaris; platformvoorwaarden en runtime-bereikbaarheid nog per route toetsen
lib/screens/settings/pleya_share_host_screen.dart	316	onSelect: () => _service.revokeGuest(guest.pairId),	Code-inventaris; platformvoorwaarden en runtime-bereikbaarheid nog per route toetsen
lib/screens/settings/pleya_share_host_screen.dart	320	title: Text(guest.deviceName),	Code-inventaris; platformvoorwaarden en runtime-bereikbaarheid nog per route toetsen
lib/screens/settings/pleya_share_host_screen.dart	324	onPressed: () => _service.revokeGuest(guest.pairId),	Code-inventaris; platformvoorwaarden en runtime-bereikbaarheid nog per route toetsen
lib/screens/settings/pleya_share_join_screen.dart	171	title: Text(t.pleyaShare.joinTitle),	Code-inventaris; platformvoorwaarden en runtime-bereikbaarheid nog per route toetsen
lib/screens/settings/pleya_share_join_screen.dart	185	title: Text(t.pleyaShare.howItWorksTitle, style: theme.textTheme.titleSmall),	Code-inventaris; platformvoorwaarden en runtime-bereikbaarheid nog per route toetsen
lib/screens/settings/pleya_share_join_screen.dart	201	onPressed: _busy ? null : _scan,	Code-inventaris; platformvoorwaarden en runtime-bereikbaarheid nog per route toetsen
lib/screens/settings/pleya_share_join_screen.dart	213	onSelect: _refresh,	Code-inventaris; platformvoorwaarden en runtime-bereikbaarheid nog per route toetsen
lib/screens/settings/pleya_share_join_screen.dart	215	onPressed: _refresh,	Code-inventaris; platformvoorwaarden en runtime-bereikbaarheid nog per route toetsen
lib/screens/settings/pleya_share_join_screen.dart	258	onSelect: () => _selectHost(host),	Code-inventaris; platformvoorwaarden en runtime-bereikbaarheid nog per route toetsen
lib/screens/settings/pleya_share_join_screen.dart	262	title: Text(host.name),	Code-inventaris; platformvoorwaarden en runtime-bereikbaarheid nog per route toetsen
lib/screens/settings/pleya_share_join_screen.dart	265	onTap: () => _selectHost(host),	Code-inventaris; platformvoorwaarden en runtime-bereikbaarheid nog per route toetsen
lib/screens/settings/pleya_share_join_screen.dart	309	onSelect: _canConnect ? _connect : null,	Code-inventaris; platformvoorwaarden en runtime-bereikbaarheid nog per route toetsen
lib/screens/settings/pleya_share_join_screen.dart	311	onPressed: _canConnect ? _connect : null,	Code-inventaris; platformvoorwaarden en runtime-bereikbaarheid nog per route toetsen
lib/screens/settings/pleya_share_scan_screen.dart	37	appBar: AppBar(title: Text(t.pleyaShare.scanQr)),	Code-inventaris; platformvoorwaarden en runtime-bereikbaarheid nog per route toetsen
lib/screens/settings/seerr_settings_screen.dart	144	title: Text(t.seerr.disconnectConfirm),	Code-inventaris; platformvoorwaarden en runtime-bereikbaarheid nog per route toetsen
lib/screens/settings/seerr_settings_screen.dart	147	TextButton(onPressed: () => Navigator.of(ctx).pop(false), child: Text(t.common.cancel)),	Code-inventaris; platformvoorwaarden en runtime-bereikbaarheid nog per route toetsen
lib/screens/settings/seerr_settings_screen.dart	148	FilledButton(onPressed: () => Navigator.of(ctx).pop(true), child: Text(t.seerr.disconnect)),	Code-inventaris; platformvoorwaarden en runtime-bereikbaarheid nog per route toetsen
lib/screens/settings/seerr_settings_screen.dart	161	title: Text(t.seerr.title),	Code-inventaris; platformvoorwaarden en runtime-bereikbaarheid nog per route toetsen
lib/screens/settings/seerr_settings_screen.dart	224	onPressed: busy	Code-inventaris; platformvoorwaarden en runtime-bereikbaarheid nog per route toetsen
lib/screens/settings/seerr_settings_screen.dart	228	onPressed: busy	Code-inventaris; platformvoorwaarden en runtime-bereikbaarheid nog per route toetsen
lib/screens/settings/seerr_settings_screen.dart	239	onPressed: busy ? null : _disconnect,	Code-inventaris; platformvoorwaarden en runtime-bereikbaarheid nog per route toetsen
lib/screens/settings/seerr_settings_screen.dart	241	onPressed: busy ? null : _disconnect,	Code-inventaris; platformvoorwaarden en runtime-bereikbaarheid nog per route toetsen
lib/screens/settings/seerr_settings_screen.dart	306	onPressed: busy ? null : _test,	Code-inventaris; platformvoorwaarden en runtime-bereikbaarheid nog per route toetsen
lib/screens/settings/seerr_settings_screen.dart	308	onPressed: busy ? null : _test,	Code-inventaris; platformvoorwaarden en runtime-bereikbaarheid nog per route toetsen
lib/screens/settings/seerr_settings_screen.dart	325	onPressed: busy ? null : _save,	Code-inventaris; platformvoorwaarden en runtime-bereikbaarheid nog per route toetsen
lib/screens/settings/seerr_settings_screen.dart	327	onPressed: busy ? null : _save,	Code-inventaris; platformvoorwaarden en runtime-bereikbaarheid nog per route toetsen
lib/screens/settings/seerr_settings_screen.dart	360	onPressed: busy	Code-inventaris; platformvoorwaarden en runtime-bereikbaarheid nog per route toetsen
lib/screens/settings/seerr_settings_screen.dart	368	onPressed: busy ? null : () {},	Code-inventaris; platformvoorwaarden en runtime-bereikbaarheid nog per route toetsen
lib/screens/settings/seerr_settings_screen.dart	372	onPressed: busy	Code-inventaris; platformvoorwaarden en runtime-bereikbaarheid nog per route toetsen
lib/screens/settings/settings_screen.dart	213	ExcludeFocus(child: CustomAppBar(title: Text(t.settings.title), pinned: true)),	Code-inventaris; platformvoorwaarden en runtime-bereikbaarheid nog per route toetsen
lib/screens/settings/settings_screen.dart	224	title: t.settings.sectionLibrary,	Code-inventaris; platformvoorwaarden en runtime-bereikbaarheid nog per route toetsen
lib/screens/settings/settings_screen.dart	237	title: t.settings.sectionIntegrations,	Code-inventaris; platformvoorwaarden en runtime-bereikbaarheid nog per route toetsen
lib/screens/settings/settings_screen.dart	263	title: t.settings.about,	Code-inventaris; platformvoorwaarden en runtime-bereikbaarheid nog per route toetsen
lib/screens/settings/settings_screen.dart	265	destinationBuilder: (context) => const AboutScreen(),	Code-inventaris; platformvoorwaarden en runtime-bereikbaarheid nog per route toetsen
lib/screens/settings/settings_screen.dart	293	onPressed: () {	Code-inventaris; platformvoorwaarden en runtime-bereikbaarheid nog per route toetsen
lib/screens/settings/settings_screen.dart	314	title: t.settings.appearance,	Code-inventaris; platformvoorwaarden en runtime-bereikbaarheid nog per route toetsen
lib/screens/settings/settings_screen.dart	316	destinationBuilder: (_) => const AppearanceSettingsScreen(),	Code-inventaris; platformvoorwaarden en runtime-bereikbaarheid nog per route toetsen
lib/screens/settings/settings_screen.dart	320	title: t.settings.libraryVisibility,	Code-inventaris; platformvoorwaarden en runtime-bereikbaarheid nog per route toetsen
lib/screens/settings/settings_screen.dart	322	destinationBuilder: (_) => const LibraryVisibilityScreen(),	Code-inventaris; platformvoorwaarden en runtime-bereikbaarheid nog per route toetsen
lib/screens/settings/settings_screen.dart	326	title: t.settings.homeLayout,	Code-inventaris; platformvoorwaarden en runtime-bereikbaarheid nog per route toetsen
lib/screens/settings/settings_screen.dart	329	destinationBuilder: (_) => const HomeLayoutScreen(),	Code-inventaris; platformvoorwaarden en runtime-bereikbaarheid nog per route toetsen
lib/screens/settings/settings_screen.dart	333	title: t.settings.videoPlayback,	Code-inventaris; platformvoorwaarden en runtime-bereikbaarheid nog per route toetsen
lib/screens/settings/settings_screen.dart	350	destinationBuilder: (_) => const PlaybackSettingsScreen(),	Code-inventaris; platformvoorwaarden en runtime-bereikbaarheid nog per route toetsen
lib/screens/settings/settings_screen.dart	354	title: t.languageSettings.title,	Code-inventaris; platformvoorwaarden en runtime-bereikbaarheid nog per route toetsen
lib/screens/settings/settings_screen.dart	368	destinationBuilder: (_) => const LanguageSettingsScreen(),	Code-inventaris; platformvoorwaarden en runtime-bereikbaarheid nog per route toetsen
lib/screens/settings/settings_screen.dart	372	title: t.settings.trackers,	Code-inventaris; platformvoorwaarden en runtime-bereikbaarheid nog per route toetsen
lib/screens/settings/settings_screen.dart	375	destinationBuilder: (_) => const TrackersSettingsScreen(),	Code-inventaris; platformvoorwaarden en runtime-bereikbaarheid nog per route toetsen
lib/screens/settings/settings_screen.dart	379	title: t.settings.requests,	Code-inventaris; platformvoorwaarden en runtime-bereikbaarheid nog per route toetsen
lib/screens/settings/settings_screen.dart	382	destinationBuilder: (_) => const SeerrSettingsScreen(),	Code-inventaris; platformvoorwaarden en runtime-bereikbaarheid nog per route toetsen
lib/screens/settings/settings_screen.dart	389	title: t.tautulli.title,	Code-inventaris; platformvoorwaarden en runtime-bereikbaarheid nog per route toetsen
lib/screens/settings/settings_screen.dart	392	destinationBuilder: (_) => const TautulliSettingsScreen(),	Code-inventaris; platformvoorwaarden en runtime-bereikbaarheid nog per route toetsen
lib/screens/settings/settings_screen.dart	397	title: t.settings.keyboardShortcuts,	Code-inventaris; platformvoorwaarden en runtime-bereikbaarheid nog per route toetsen
lib/screens/settings/settings_screen.dart	399	onTap: (context) => Navigator.push(	Code-inventaris; platformvoorwaarden en runtime-bereikbaarheid nog per route toetsen
lib/screens/settings/settings_screen.dart	406	title: t.settings.about,	Code-inventaris; platformvoorwaarden en runtime-bereikbaarheid nog per route toetsen
lib/screens/settings/settings_screen.dart	409	destinationBuilder: (_) => const AboutScreen(),	Code-inventaris; platformvoorwaarden en runtime-bereikbaarheid nog per route toetsen
lib/screens/settings/settings_screen.dart	413	title: t.connections.addConnection,	Code-inventaris; platformvoorwaarden en runtime-bereikbaarheid nog per route toetsen
lib/screens/settings/settings_screen.dart	415	onTap: (context) {	Code-inventaris; platformvoorwaarden en runtime-bereikbaarheid nog per route toetsen
lib/screens/settings/settings_screen.dart	422	title: t.pleyaShare.hostTitle,	Code-inventaris; platformvoorwaarden en runtime-bereikbaarheid nog per route toetsen
lib/screens/settings/settings_screen.dart	425	destinationBuilder: (_) => const PleyaShareHostScreen(),	Code-inventaris; platformvoorwaarden en runtime-bereikbaarheid nog per route toetsen
lib/screens/settings/settings_screen.dart	429	title: t.profiles.sectionTitle,	Code-inventaris; platformvoorwaarden en runtime-bereikbaarheid nog per route toetsen
lib/screens/settings/settings_screen.dart	431	onTap: (context) => Navigator.of(	Code-inventaris; platformvoorwaarden en runtime-bereikbaarheid nog per route toetsen
lib/screens/settings/settings_screen.dart	438	title: t.settings.viewLogs,	Code-inventaris; platformvoorwaarden en runtime-bereikbaarheid nog per route toetsen
lib/screens/settings/settings_screen.dart	441	destinationBuilder: (_) => const LogsScreen(),	Code-inventaris; platformvoorwaarden en runtime-bereikbaarheid nog per route toetsen
lib/screens/settings/settings_screen.dart	445	title: t.settings.downloads,	Code-inventaris; platformvoorwaarden en runtime-bereikbaarheid nog per route toetsen
lib/screens/settings/settings_screen.dart	448	destinationBuilder: (_) => const DownloadsSettingsScreen(),	Code-inventaris; platformvoorwaarden en runtime-bereikbaarheid nog per route toetsen
lib/screens/settings/settings_screen.dart	452	title: t.settings.subtitleStyling,	Code-inventaris; platformvoorwaarden en runtime-bereikbaarheid nog per route toetsen
lib/screens/settings/settings_screen.dart	455	destinationBuilder: (_) => const SubtitleStylingScreen(),	Code-inventaris; platformvoorwaarden en runtime-bereikbaarheid nog per route toetsen
lib/screens/settings/settings_screen.dart	459	title: t.tvMyPleya.servers,	Code-inventaris; platformvoorwaarden en runtime-bereikbaarheid nog per route toetsen
lib/screens/settings/settings_screen.dart	461	destinationBuilder: (_) => const ServersScreen(),	Code-inventaris; platformvoorwaarden en runtime-bereikbaarheid nog per route toetsen
lib/screens/settings/settings_screen.dart	465	title: t.settings.watchTogetherRelay,	Code-inventaris; platformvoorwaarden en runtime-bereikbaarheid nog per route toetsen
lib/screens/settings/settings_screen.dart	468	onTap: (_) => _showRelayUrlDialog(),	Code-inventaris; platformvoorwaarden en runtime-bereikbaarheid nog per route toetsen
lib/screens/settings/settings_screen.dart	472	title: t.settings.clearCache,	Code-inventaris; platformvoorwaarden en runtime-bereikbaarheid nog per route toetsen
lib/screens/settings/settings_screen.dart	475	onTap: (_) => _showClearCacheDialog(),	Code-inventaris; platformvoorwaarden en runtime-bereikbaarheid nog per route toetsen
lib/screens/settings/settings_screen.dart	479	title: t.settings.resetSettings,	Code-inventaris; platformvoorwaarden en runtime-bereikbaarheid nog per route toetsen
lib/screens/settings/settings_screen.dart	482	onTap: (_) => _showResetSettingsDialog(),	Code-inventaris; platformvoorwaarden en runtime-bereikbaarheid nog per route toetsen
lib/screens/settings/settings_screen.dart	487	title: t.settings.exportSettings,	Code-inventaris; platformvoorwaarden en runtime-bereikbaarheid nog per route toetsen
lib/screens/settings/settings_screen.dart	490	onTap: (_) => _handleExportSettings(),	Code-inventaris; platformvoorwaarden en runtime-bereikbaarheid nog per route toetsen
lib/screens/settings/settings_screen.dart	494	title: t.settings.importSettings,	Code-inventaris; platformvoorwaarden en runtime-bereikbaarheid nog per route toetsen
lib/screens/settings/settings_screen.dart	497	onTap: (_) => _showImportSettingsDialog(),	Code-inventaris; platformvoorwaarden en runtime-bereikbaarheid nog per route toetsen
lib/screens/settings/settings_screen.dart	503	title: t.settings.checkForUpdates,	Code-inventaris; platformvoorwaarden en runtime-bereikbaarheid nog per route toetsen
lib/screens/settings/settings_screen.dart	505	onTap: (_) => _handleCheckForUpdatesTap(),	Code-inventaris; platformvoorwaarden en runtime-bereikbaarheid nog per route toetsen
lib/screens/settings/settings_screen.dart	526	title: entry.title,	Code-inventaris; platformvoorwaarden en runtime-bereikbaarheid nog per route toetsen
lib/screens/settings/settings_screen.dart	528	destinationBuilder: entry.destinationBuilder,	Code-inventaris; platformvoorwaarden en runtime-bereikbaarheid nog per route toetsen
lib/screens/settings/settings_screen.dart	529	onTap: entry.onTap == null ? null : () => entry.onTap!(context),	Code-inventaris; platformvoorwaarden en runtime-bereikbaarheid nog per route toetsen
lib/screens/settings/settings_screen.dart	539	title: t.settings.supportDeveloper,	Code-inventaris; platformvoorwaarden en runtime-bereikbaarheid nog per route toetsen
lib/screens/settings/settings_screen.dart	542	onTap: _handleDonateTap,	Code-inventaris; platformvoorwaarden en runtime-bereikbaarheid nog per route toetsen
lib/screens/settings/settings_screen.dart	556	pref: settings.SettingsService.libraryDensity,	Code-inventaris; platformvoorwaarden en runtime-bereikbaarheid nog per route toetsen
lib/screens/settings/settings_screen.dart	566	title: t.settings.appearance,	Code-inventaris; platformvoorwaarden en runtime-bereikbaarheid nog per route toetsen
lib/screens/settings/settings_screen.dart	568	destinationBuilder: (context) => const AppearanceSettingsScreen(),	Code-inventaris; platformvoorwaarden en runtime-bereikbaarheid nog per route toetsen
lib/screens/settings/settings_screen.dart	580	title: t.settings.libraryVisibility,	Code-inventaris; platformvoorwaarden en runtime-bereikbaarheid nog per route toetsen
lib/screens/settings/settings_screen.dart	582	destinationBuilder: (context) => const LibraryVisibilityScreen(),	Code-inventaris; platformvoorwaarden en runtime-bereikbaarheid nog per route toetsen
lib/screens/settings/settings_screen.dart	594	title: t.settings.homeLayout,	Code-inventaris; platformvoorwaarden en runtime-bereikbaarheid nog per route toetsen
lib/screens/settings/settings_screen.dart	596	destinationBuilder: (context) => const HomeLayoutScreen(),	Code-inventaris; platformvoorwaarden en runtime-bereikbaarheid nog per route toetsen
lib/screens/settings/settings_screen.dart	609	title: t.settings.videoPlayback,	Code-inventaris; platformvoorwaarden en runtime-bereikbaarheid nog per route toetsen
lib/screens/settings/settings_screen.dart	611	destinationBuilder: (context) => const PlaybackSettingsScreen(),	Code-inventaris; platformvoorwaarden en runtime-bereikbaarheid nog per route toetsen
lib/screens/settings/settings_screen.dart	627	title: t.languageSettings.title,	Code-inventaris; platformvoorwaarden en runtime-bereikbaarheid nog per route toetsen
lib/screens/settings/settings_screen.dart	629	destinationBuilder: (context) => const LanguageSettingsScreen(),	Code-inventaris; platformvoorwaarden en runtime-bereikbaarheid nog per route toetsen
lib/screens/settings/settings_screen.dart	646	title: t.settings.subtitleStyling,	Code-inventaris; platformvoorwaarden en runtime-bereikbaarheid nog per route toetsen
lib/screens/settings/settings_screen.dart	648	destinationBuilder: (_) => const SubtitleStylingScreen(),	Code-inventaris; platformvoorwaarden en runtime-bereikbaarheid nog per route toetsen
lib/screens/settings/settings_screen.dart	664	title: t.settings.downloads,	Code-inventaris; platformvoorwaarden en runtime-bereikbaarheid nog per route toetsen
lib/screens/settings/settings_screen.dart	666	destinationBuilder: (_) => const DownloadsSettingsScreen(),	Code-inventaris; platformvoorwaarden en runtime-bereikbaarheid nog per route toetsen
lib/screens/settings/settings_screen.dart	688	title: t.settings.trackers,	Code-inventaris; platformvoorwaarden en runtime-bereikbaarheid nog per route toetsen
lib/screens/settings/settings_screen.dart	690	destinationBuilder: (_) => const TrackersSettingsScreen(),	Code-inventaris; platformvoorwaarden en runtime-bereikbaarheid nog per route toetsen
lib/screens/settings/settings_screen.dart	707	title: t.settings.requests,	Code-inventaris; platformvoorwaarden en runtime-bereikbaarheid nog per route toetsen
lib/screens/settings/settings_screen.dart	709	destinationBuilder: (_) => const SeerrSettingsScreen(),	Code-inventaris; platformvoorwaarden en runtime-bereikbaarheid nog per route toetsen
lib/screens/settings/settings_screen.dart	736	title: t.tautulli.title,	Code-inventaris; platformvoorwaarden en runtime-bereikbaarheid nog per route toetsen
lib/screens/settings/settings_screen.dart	740	destinationBuilder: (_) => const TautulliSettingsScreen(),	Code-inventaris; platformvoorwaarden en runtime-bereikbaarheid nog per route toetsen
lib/screens/settings/settings_screen.dart	759	title: t.connections.sectionTitle,	Code-inventaris; platformvoorwaarden en runtime-bereikbaarheid nog per route toetsen
lib/screens/settings/settings_screen.dart	768	title: t.tvMyPleya.servers,	Code-inventaris; platformvoorwaarden en runtime-bereikbaarheid nog per route toetsen
lib/screens/settings/settings_screen.dart	771	destinationBuilder: (_) => const ServersScreen(),	Code-inventaris; platformvoorwaarden en runtime-bereikbaarheid nog per route toetsen
lib/screens/settings/settings_screen.dart	800	title: t.profiles.sectionTitle,	Code-inventaris; platformvoorwaarden en runtime-bereikbaarheid nog per route toetsen
lib/screens/settings/settings_screen.dart	802	onTap: () => Navigator.of(	Code-inventaris; platformvoorwaarden en runtime-bereikbaarheid nog per route toetsen
lib/screens/settings/settings_screen.dart	816	title: t.settings.keyboardShortcuts,	Code-inventaris; platformvoorwaarden en runtime-bereikbaarheid nog per route toetsen
lib/screens/settings/settings_screen.dart	821	title: t.settings.videoPlayerControls,	Code-inventaris; platformvoorwaarden en runtime-bereikbaarheid nog per route toetsen
lib/screens/settings/settings_screen.dart	823	onTap: () {	Code-inventaris; platformvoorwaarden en runtime-bereikbaarheid nog per route toetsen
lib/screens/settings/settings_screen.dart	832	pref: settings.SettingsService.videoPlayerNavigationEnabled,	Code-inventaris; platformvoorwaarden en runtime-bereikbaarheid nog per route toetsen
lib/screens/settings/settings_screen.dart	834	title: t.settings.videoPlayerNavigation,	Code-inventaris; platformvoorwaarden en runtime-bereikbaarheid nog per route toetsen
lib/screens/settings/settings_screen.dart	843	title: t.settings.advanced,	Code-inventaris; platformvoorwaarden en runtime-bereikbaarheid nog per route toetsen
lib/screens/settings/settings_screen.dart	848	title: t.settings.watchTogetherRelay,	Code-inventaris; platformvoorwaarden en runtime-bereikbaarheid nog per route toetsen
lib/screens/settings/settings_screen.dart	850	onTap: () => _showRelayUrlDialog(),	Code-inventaris; platformvoorwaarden en runtime-bereikbaarheid nog per route toetsen
lib/screens/settings/settings_screen.dart	854	pref: settings.SettingsService.crashReporting,	Code-inventaris; platformvoorwaarden en runtime-bereikbaarheid nog per route toetsen
lib/screens/settings/settings_screen.dart	856	title: t.settings.crashReporting,	Code-inventaris; platformvoorwaarden en runtime-bereikbaarheid nog per route toetsen
lib/screens/settings/settings_screen.dart	861	pref: settings.SettingsService.enableDebugLogging,	Code-inventaris; platformvoorwaarden en runtime-bereikbaarheid nog per route toetsen
lib/screens/settings/settings_screen.dart	863	title: t.settings.debugLogging,	Code-inventaris; platformvoorwaarden en runtime-bereikbaarheid nog per route toetsen
lib/screens/settings/settings_screen.dart	869	title: t.settings.viewLogs,	Code-inventaris; platformvoorwaarden en runtime-bereikbaarheid nog per route toetsen
lib/screens/settings/settings_screen.dart	871	destinationBuilder: (context) => const LogsScreen(),	Code-inventaris; platformvoorwaarden en runtime-bereikbaarheid nog per route toetsen
lib/screens/settings/settings_screen.dart	876	title: t.settings.clearCache,	Code-inventaris; platformvoorwaarden en runtime-bereikbaarheid nog per route toetsen
lib/screens/settings/settings_screen.dart	878	onTap: () => _showClearCacheDialog(),	Code-inventaris; platformvoorwaarden en runtime-bereikbaarheid nog per route toetsen
lib/screens/settings/settings_screen.dart	883	title: t.settings.resetSettings,	Code-inventaris; platformvoorwaarden en runtime-bereikbaarheid nog per route toetsen
lib/screens/settings/settings_screen.dart	885	onTap: () => _showResetSettingsDialog(),	Code-inventaris; platformvoorwaarden en runtime-bereikbaarheid nog per route toetsen
lib/screens/settings/settings_screen.dart	894	title: 'Debug',	Code-inventaris; platformvoorwaarden en runtime-bereikbaarheid nog per route toetsen
lib/screens/settings/settings_screen.dart	898	title: 'Test Sentry',	Code-inventaris; platformvoorwaarden en runtime-bereikbaarheid nog per route toetsen
lib/screens/settings/settings_screen.dart	900	onTap: () {	Code-inventaris; platformvoorwaarden en runtime-bereikbaarheid nog per route toetsen
lib/screens/settings/settings_screen.dart	906	title: 'Test ANR',	Code-inventaris; platformvoorwaarden en runtime-bereikbaarheid nog per route toetsen
lib/screens/settings/settings_screen.dart	908	onTap: () {	Code-inventaris; platformvoorwaarden en runtime-bereikbaarheid nog per route toetsen
lib/screens/settings/settings_screen.dart	921	title: t.settings.backup,	Code-inventaris; platformvoorwaarden en runtime-bereikbaarheid nog per route toetsen
lib/screens/settings/settings_screen.dart	930	title: t.settings.exportSettings,	Code-inventaris; platformvoorwaarden en runtime-bereikbaarheid nog per route toetsen
lib/screens/settings/settings_screen.dart	932	onTap: _handleExportSettings,	Code-inventaris; platformvoorwaarden en runtime-bereikbaarheid nog per route toetsen
lib/screens/settings/settings_screen.dart	937	title: t.settings.importSettings,	Code-inventaris; platformvoorwaarden en runtime-bereikbaarheid nog per route toetsen
lib/screens/settings/settings_screen.dart	939	onTap: _showImportSettingsDialog,	Code-inventaris; platformvoorwaarden en runtime-bereikbaarheid nog per route toetsen
lib/screens/settings/settings_screen.dart	952	pref: settings.SettingsService.icloudSyncEnabled,	Code-inventaris; platformvoorwaarden en runtime-bereikbaarheid nog per route toetsen
lib/screens/settings/settings_screen.dart	954	title: t.settings.icloudSync,	Code-inventaris; platformvoorwaarden en runtime-bereikbaarheid nog per route toetsen
lib/screens/settings/settings_screen.dart	994	pref: settings.SettingsService.autoCheckUpdatesOnStartup,	Code-inventaris; platformvoorwaarden en runtime-bereikbaarheid nog per route toetsen
lib/screens/settings/settings_screen.dart	996	title: t.settings.autoCheckUpdatesOnStartup,	Code-inventaris; platformvoorwaarden en runtime-bereikbaarheid nog per route toetsen
lib/screens/settings/settings_screen.dart	1003	title: t.settings.updates,	Code-inventaris; platformvoorwaarden en runtime-bereikbaarheid nog per route toetsen
lib/screens/settings/settings_screen.dart	1008	title: t.settings.checkForUpdates,	Code-inventaris; platformvoorwaarden en runtime-bereikbaarheid nog per route toetsen
lib/screens/settings/settings_screen.dart	1009	onTap: _handleCheckForUpdatesTap,	Code-inventaris; platformvoorwaarden en runtime-bereikbaarheid nog per route toetsen
lib/screens/settings/settings_screen.dart	1019	title: t.settings.updates,	Code-inventaris; platformvoorwaarden en runtime-bereikbaarheid nog per route toetsen
lib/screens/settings/settings_screen.dart	1028	title: Text(hasUpdate ? t.settings.updateAvailable : t.settings.checkForUpdates),	Code-inventaris; platformvoorwaarden en runtime-bereikbaarheid nog per route toetsen
lib/screens/settings/settings_screen.dart	1033	onTap: _isCheckingForUpdate ? null : _handleCheckForUpdatesTap,	Code-inventaris; platformvoorwaarden en runtime-bereikbaarheid nog per route toetsen
lib/screens/settings/settings_screen.dart	1050	title: t.settings.clearCache,	Code-inventaris; platformvoorwaarden en runtime-bereikbaarheid nog per route toetsen
lib/screens/settings/settings_screen.dart	1062	title: t.settings.resetSettings,	Code-inventaris; platformvoorwaarden en runtime-bereikbaarheid nog per route toetsen
lib/screens/settings/settings_screen.dart	1089	title: t.settings.importSettings,	Code-inventaris; platformvoorwaarden en runtime-bereikbaarheid nog per route toetsen
lib/screens/settings/settings_screen.dart	1188	showUpdateAvailableDialog(context, updateInfo, title: t.settings.updateAvailable, dismissLabel: t.common.close),	Code-inventaris; platformvoorwaarden en runtime-bereikbaarheid nog per route toetsen
lib/screens/settings/settings_screen.dart	1236	title: Text(t.settings.watchTogetherRelay),	Code-inventaris; platformvoorwaarden en runtime-bereikbaarheid nog per route toetsen
lib/screens/settings/settings_screen.dart	1245	DialogActionButton(onPressed: _reset, label: t.settings.resetToDefault),	Code-inventaris; platformvoorwaarden en runtime-bereikbaarheid nog per route toetsen
lib/screens/settings/settings_screen.dart	1246	DialogActionButton(onPressed: () => Navigator.pop(context), label: t.common.cancel),	Code-inventaris; platformvoorwaarden en runtime-bereikbaarheid nog per route toetsen
lib/screens/settings/settings_screen.dart	1247	DialogActionButton(focusNode: _saveFocusNode, onPressed: _save, label: t.common.save),	Code-inventaris; platformvoorwaarden en runtime-bereikbaarheid nog per route toetsen
lib/screens/settings/settings_screen.dart	1289	settingsSearchMatches(title: title, subtitle: subtitle, keywords: keywords, lowerQuery: lowerQuery);	Code-inventaris; platformvoorwaarden en runtime-bereikbaarheid nog per route toetsen
lib/screens/settings/settings_utils.dart	43	title: title,	Code-inventaris; platformvoorwaarden en runtime-bereikbaarheid nog per route toetsen
lib/screens/settings/settings_utils.dart	89	title: Text(widget.title),	Code-inventaris; platformvoorwaarden en runtime-bereikbaarheid nog per route toetsen
lib/screens/settings/settings_utils.dart	93	DialogActionButton(onPressed: () => Navigator.pop(context), label: t.common.cancel),	Code-inventaris; platformvoorwaarden en runtime-bereikbaarheid nog per route toetsen
lib/screens/settings/settings_utils.dart	94	DialogActionButton(focusNode: _saveFocusNode, onPressed: _save, label: t.common.save),	Code-inventaris; platformvoorwaarden en runtime-bereikbaarheid nog per route toetsen
lib/screens/settings/settings_utils.dart	112	title: Text(title),	Code-inventaris; platformvoorwaarden en runtime-bereikbaarheid nog per route toetsen
lib/screens/settings/settings_utils.dart	125	title: Text(option.title),	Code-inventaris; platformvoorwaarden en runtime-bereikbaarheid nog per route toetsen
lib/screens/settings/settings_utils.dart	129	onTap: () => Navigator.pop(dialogContext, option.value),	Code-inventaris; platformvoorwaarden en runtime-bereikbaarheid nog per route toetsen
lib/screens/settings/settings_utils.dart	156	title: title,	Code-inventaris; platformvoorwaarden en runtime-bereikbaarheid nog per route toetsen
lib/screens/settings/settings_utils.dart	166	title: title,	Code-inventaris; platformvoorwaarden en runtime-bereikbaarheid nog per route toetsen
lib/screens/settings/settings_utils.dart	190	title: title,	Code-inventaris; platformvoorwaarden en runtime-bereikbaarheid nog per route toetsen
lib/screens/settings/settings_utils.dart	241	title: title,	Code-inventaris; platformvoorwaarden en runtime-bereikbaarheid nog per route toetsen
lib/screens/settings/settings_utils.dart	304	_showColorInputDialogTV(context: context, title: title, currentHex: currentHex, onSave: onSave);	Code-inventaris; platformvoorwaarden en runtime-bereikbaarheid nog per route toetsen
lib/screens/settings/settings_utils.dart	306	_showColorInputDialogStandard(context: context, title: title, currentHex: currentHex, onSave: onSave);	Code-inventaris; platformvoorwaarden en runtime-bereikbaarheid nog per route toetsen
lib/screens/settings/settings_utils.dart	320	title: Text(title),	Code-inventaris; platformvoorwaarden en runtime-bereikbaarheid nog per route toetsen
lib/screens/settings/settings_utils.dart	352	title: title,	Code-inventaris; platformvoorwaarden en runtime-bereikbaarheid nog per route toetsen
lib/screens/settings/settings_utils.dart	380	title: title,	Code-inventaris; platformvoorwaarden en runtime-bereikbaarheid nog per route toetsen
lib/screens/settings/settings_utils.dart	402	onPressed: () {	Code-inventaris; platformvoorwaarden en runtime-bereikbaarheid nog per route toetsen
lib/screens/settings/subtitle_styling_screen.dart	46	title: Text(t.screens.subtitleStyling),	Code-inventaris; platformvoorwaarden en runtime-bereikbaarheid nog per route toetsen
lib/screens/settings/subtitle_styling_screen.dart	50	pref: SettingsService.subAssOverride,	Code-inventaris; platformvoorwaarden en runtime-bereikbaarheid nog per route toetsen
lib/screens/settings/subtitle_styling_screen.dart	52	title: t.subtitlingStyling.assOverride,	Code-inventaris; platformvoorwaarden en runtime-bereikbaarheid nog per route toetsen
lib/screens/settings/subtitle_styling_screen.dart	54	options: SubAssOverride.values.map((v) => DialogOption(value: v, title: _assOverrideLabel(v))).toList(),	Code-inventaris; platformvoorwaarden en runtime-bereikbaarheid nog per route toetsen
lib/screens/settings/subtitle_styling_screen.dart	61	pref: SettingsService.subtitleRenderResolution,	Code-inventaris; platformvoorwaarden en runtime-bereikbaarheid nog per route toetsen
lib/screens/settings/subtitle_styling_screen.dart	63	title: t.subtitlingStyling.renderResolution,	Code-inventaris; platformvoorwaarden en runtime-bereikbaarheid nog per route toetsen
lib/screens/settings/subtitle_styling_screen.dart	68	].map((v) => DialogOption(value: v, title: _renderResolutionLabel(v))).toList(),	Code-inventaris; platformvoorwaarden en runtime-bereikbaarheid nog per route toetsen
lib/screens/settings/subtitle_styling_screen.dart	76	pref: SettingsService.subtitleRenderResolution,	Code-inventaris; platformvoorwaarden en runtime-bereikbaarheid nog per route toetsen
lib/screens/settings/subtitle_styling_screen.dart	78	title: t.subtitlingStyling.renderResolution,	Code-inventaris; platformvoorwaarden en runtime-bereikbaarheid nog per route toetsen
lib/screens/settings/subtitle_styling_screen.dart	86	].map((v) => DialogOption(value: v, title: _renderResolutionLabel(v))).toList(),	Code-inventaris; platformvoorwaarden en runtime-bereikbaarheid nog per route toetsen
lib/screens/settings/subtitle_styling_screen.dart	91	pref: SettingsService.subtitleFontSize,	Code-inventaris; platformvoorwaarden en runtime-bereikbaarheid nog per route toetsen
lib/screens/settings/subtitle_styling_screen.dart	93	title: t.subtitlingStyling.fontSize,	Code-inventaris; platformvoorwaarden en runtime-bereikbaarheid nog per route toetsen
lib/screens/settings/subtitle_styling_screen.dart	101	pref: SettingsService.subtitleTextColor,	Code-inventaris; platformvoorwaarden en runtime-bereikbaarheid nog per route toetsen
lib/screens/settings/subtitle_styling_screen.dart	103	title: t.subtitlingStyling.textColor,	Code-inventaris; platformvoorwaarden en runtime-bereikbaarheid nog per route toetsen
lib/screens/settings/subtitle_styling_screen.dart	106	pref: SettingsService.subtitlePosition,	Code-inventaris; platformvoorwaarden en runtime-bereikbaarheid nog per route toetsen
lib/screens/settings/subtitle_styling_screen.dart	108	title: t.subtitlingStyling.position,	Code-inventaris; platformvoorwaarden en runtime-bereikbaarheid nog per route toetsen
lib/screens/settings/subtitle_styling_screen.dart	116	pref: SettingsService.subtitleBold,	Code-inventaris; platformvoorwaarden en runtime-bereikbaarheid nog per route toetsen
lib/screens/settings/subtitle_styling_screen.dart	118	title: t.subtitlingStyling.bold,	Code-inventaris; platformvoorwaarden en runtime-bereikbaarheid nog per route toetsen
lib/screens/settings/subtitle_styling_screen.dart	121	pref: SettingsService.subtitleItalic,	Code-inventaris; platformvoorwaarden en runtime-bereikbaarheid nog per route toetsen
lib/screens/settings/subtitle_styling_screen.dart	123	title: t.subtitlingStyling.italic,	Code-inventaris; platformvoorwaarden en runtime-bereikbaarheid nog per route toetsen
lib/screens/settings/subtitle_styling_screen.dart	128	pref: SettingsService.subtitleBorderSize,	Code-inventaris; platformvoorwaarden en runtime-bereikbaarheid nog per route toetsen
lib/screens/settings/subtitle_styling_screen.dart	130	title: t.subtitlingStyling.borderSize,	Code-inventaris; platformvoorwaarden en runtime-bereikbaarheid nog per route toetsen
lib/screens/settings/subtitle_styling_screen.dart	138	pref: SettingsService.subtitleBorderColor,	Code-inventaris; platformvoorwaarden en runtime-bereikbaarheid nog per route toetsen
lib/screens/settings/subtitle_styling_screen.dart	140	title: t.subtitlingStyling.borderColor,	Code-inventaris; platformvoorwaarden en runtime-bereikbaarheid nog per route toetsen
lib/screens/settings/subtitle_styling_screen.dart	145	pref: SettingsService.subtitleBackgroundOpacity,	Code-inventaris; platformvoorwaarden en runtime-bereikbaarheid nog per route toetsen
lib/screens/settings/subtitle_styling_screen.dart	147	title: t.subtitlingStyling.backgroundOpacity,	Code-inventaris; platformvoorwaarden en runtime-bereikbaarheid nog per route toetsen
lib/screens/settings/subtitle_styling_screen.dart	155	pref: SettingsService.subtitleBackgroundColor,	Code-inventaris; platformvoorwaarden en runtime-bereikbaarheid nog per route toetsen
lib/screens/settings/subtitle_styling_screen.dart	157	title: t.subtitlingStyling.backgroundColor,	Code-inventaris; platformvoorwaarden en runtime-bereikbaarheid nog per route toetsen
lib/screens/settings/tautulli_settings_screen.dart	190	title: Text(t.tautulli.disconnectConfirm),	Code-inventaris; platformvoorwaarden en runtime-bereikbaarheid nog per route toetsen
lib/screens/settings/tautulli_settings_screen.dart	193	TextButton(onPressed: () => Navigator.of(ctx).pop(false), child: Text(t.common.cancel)),	Code-inventaris; platformvoorwaarden en runtime-bereikbaarheid nog per route toetsen
lib/screens/settings/tautulli_settings_screen.dart	194	FilledButton(onPressed: () => Navigator.of(ctx).pop(true), child: Text(t.tautulli.disconnect)),	Code-inventaris; platformvoorwaarden en runtime-bereikbaarheid nog per route toetsen
lib/screens/settings/tautulli_settings_screen.dart	212	title: Text(t.tautulli.title),	Code-inventaris; platformvoorwaarden en runtime-bereikbaarheid nog per route toetsen
lib/screens/settings/tautulli_settings_screen.dart	289	title: t.tautulli.useHistoryForRecommendations,	Code-inventaris; platformvoorwaarden en runtime-bereikbaarheid nog per route toetsen
lib/screens/settings/tautulli_settings_screen.dart	295	onPressed: busy ? null : _disconnect,	Code-inventaris; platformvoorwaarden en runtime-bereikbaarheid nog per route toetsen
lib/screens/settings/tautulli_settings_screen.dart	297	onPressed: busy ? null : _disconnect,	Code-inventaris; platformvoorwaarden en runtime-bereikbaarheid nog per route toetsen
lib/screens/settings/tautulli_settings_screen.dart	386	onPressed: busy ? null : _test,	Code-inventaris; platformvoorwaarden en runtime-bereikbaarheid nog per route toetsen
lib/screens/settings/tautulli_settings_screen.dart	388	onPressed: busy ? null : _test,	Code-inventaris; platformvoorwaarden en runtime-bereikbaarheid nog per route toetsen
lib/screens/settings/tautulli_settings_screen.dart	405	onPressed: busy ? null : _save,	Code-inventaris; platformvoorwaarden en runtime-bereikbaarheid nog per route toetsen
lib/screens/settings/tautulli_settings_screen.dart	407	onPressed: busy ? null : _save,	Code-inventaris; platformvoorwaarden en runtime-bereikbaarheid nog per route toetsen
lib/screens/settings/tautulli_settings_screen.dart	439	onPressed: busy ? null : () => _selectMode(mode),	Code-inventaris; platformvoorwaarden en runtime-bereikbaarheid nog per route toetsen
lib/screens/settings/tautulli_settings_screen.dart	442	onPressed: busy ? null : () {},	Code-inventaris; platformvoorwaarden en runtime-bereikbaarheid nog per route toetsen
lib/screens/settings/tautulli_settings_screen.dart	446	onPressed: busy ? null : () => _selectMode(mode),	Code-inventaris; platformvoorwaarden en runtime-bereikbaarheid nog per route toetsen
lib/screens/settings/tracker_account_settings_body.dart	53	title: title,	Code-inventaris; platformvoorwaarden en runtime-bereikbaarheid nog per route toetsen
lib/screens/settings/tracker_account_settings_body.dart	57	title: Text(accountTitle),	Code-inventaris; platformvoorwaarden en runtime-bereikbaarheid nog per route toetsen
lib/screens/settings/tracker_account_settings_body.dart	63	pref: toggle.pref,	Code-inventaris; platformvoorwaarden en runtime-bereikbaarheid nog per route toetsen
lib/screens/settings/tracker_account_settings_body.dart	65	title: toggle.title,	Code-inventaris; platformvoorwaarden en runtime-bereikbaarheid nog per route toetsen
lib/screens/settings/tracker_account_settings_body.dart	75	title: Text(t.trackers.libraryFilter.title),	Code-inventaris; platformvoorwaarden en runtime-bereikbaarheid nog per route toetsen
lib/screens/settings/tracker_account_settings_body.dart	78	onTap: () => Navigator.of(	Code-inventaris; platformvoorwaarden en runtime-bereikbaarheid nog per route toetsen
lib/screens/settings/tracker_account_settings_body.dart	86	title: Text(t.common.disconnect, style: TextStyle(color: Theme.of(context).colorScheme.error)),	Code-inventaris; platformvoorwaarden en runtime-bereikbaarheid nog per route toetsen
lib/screens/settings/tracker_account_settings_body.dart	87	onTap: () => unawaited(Future<void>.sync(onDisconnect)),	Code-inventaris; platformvoorwaarden en runtime-bereikbaarheid nog per route toetsen
lib/screens/settings/tracker_library_filter_screen.dart	72	pref: modePref,	Code-inventaris; platformvoorwaarden en runtime-bereikbaarheid nog per route toetsen
lib/screens/settings/tracker_library_filter_screen.dart	74	title: t.trackers.libraryFilter.mode,	Code-inventaris; platformvoorwaarden en runtime-bereikbaarheid nog per route toetsen
lib/screens/settings/tracker_library_filter_screen.dart	92	children.add(ListTile(title: Text(t.trackers.libraryFilter.noLibraries)));	Code-inventaris; platformvoorwaarden en runtime-bereikbaarheid nog per route toetsen
lib/screens/settings/tracker_library_filter_screen.dart	103	title: Text(lib.title),	Code-inventaris; platformvoorwaarden en runtime-bereikbaarheid nog per route toetsen
lib/screens/settings/tracker_library_filter_screen.dart	120	return SettingsPage(title: title, children: children);	Code-inventaris; platformvoorwaarden en runtime-bereikbaarheid nog per route toetsen
lib/screens/settings/tracker_settings_screen.dart	125	title: t.trackers.disconnectConfirm(service: config.displayName),	Code-inventaris; platformvoorwaarden en runtime-bereikbaarheid nog per route toetsen
lib/screens/settings/tracker_settings_screen.dart	145	title: title,	Code-inventaris; platformvoorwaarden en runtime-bereikbaarheid nog per route toetsen
lib/screens/settings/tracker_settings_screen.dart	152	title: title,	Code-inventaris; platformvoorwaarden en runtime-bereikbaarheid nog per route toetsen
lib/screens/settings/tracker_settings_screen.dart	157	pref: config.scrobblePref,	Code-inventaris; platformvoorwaarden en runtime-bereikbaarheid nog per route toetsen
lib/screens/settings/tracker_settings_screen.dart	159	title: t.trackers.scrobble,	Code-inventaris; platformvoorwaarden en runtime-bereikbaarheid nog per route toetsen
lib/screens/settings/trackers_settings_screen.dart	25	title: Text(t.trackers.title),	Code-inventaris; platformvoorwaarden en runtime-bereikbaarheid nog per route toetsen
lib/screens/settings/trackers_settings_screen.dart	55	title: t.trakt.title,	Code-inventaris; platformvoorwaarden en runtime-bereikbaarheid nog per route toetsen
lib/screens/settings/trackers_settings_screen.dart	57	onTap: () {	Code-inventaris; platformvoorwaarden en runtime-bereikbaarheid nog per route toetsen
lib/screens/settings/trackers_settings_screen.dart	70	title: t.trackers.services.mal,	Code-inventaris; platformvoorwaarden en runtime-bereikbaarheid nog per route toetsen
lib/screens/settings/trackers_settings_screen.dart	72	onTap: () {	Code-inventaris; platformvoorwaarden en runtime-bereikbaarheid nog per route toetsen
lib/screens/settings/trackers_settings_screen.dart	88	title: t.trackers.services.anilist,	Code-inventaris; platformvoorwaarden en runtime-bereikbaarheid nog per route toetsen
lib/screens/settings/trackers_settings_screen.dart	90	onTap: () {	Code-inventaris; platformvoorwaarden en runtime-bereikbaarheid nog per route toetsen
lib/screens/settings/trackers_settings_screen.dart	106	title: t.trackers.services.simkl,	Code-inventaris; platformvoorwaarden en runtime-bereikbaarheid nog per route toetsen
lib/screens/settings/trackers_settings_screen.dart	108	onTap: () {	Code-inventaris; platformvoorwaarden en runtime-bereikbaarheid nog per route toetsen
lib/screens/settings/trackers_settings_screen.dart	137	title: Text(title),	Code-inventaris; platformvoorwaarden en runtime-bereikbaarheid nog per route toetsen
lib/screens/settings/trackers_settings_screen.dart	140	onTap: onTap,	Code-inventaris; platformvoorwaarden en runtime-bereikbaarheid nog per route toetsen
lib/screens/settings/trakt_settings_screen.dart	38	title: t.trakt.disconnectConfirm,	Code-inventaris; platformvoorwaarden en runtime-bereikbaarheid nog per route toetsen
lib/screens/settings/trakt_settings_screen.dart	61	title: Text(t.trakt.title),	Code-inventaris; platformvoorwaarden en runtime-bereikbaarheid nog per route toetsen
lib/screens/settings/trakt_settings_screen.dart	68	title: Text(t.trakt.title),	Code-inventaris; platformvoorwaarden en runtime-bereikbaarheid nog per route toetsen
lib/screens/settings/trakt_settings_screen.dart	74	pref: SettingsService.enableTraktScrobble,	Code-inventaris; platformvoorwaarden en runtime-bereikbaarheid nog per route toetsen
lib/screens/settings/trakt_settings_screen.dart	76	title: t.trakt.scrobble,	Code-inventaris; platformvoorwaarden en runtime-bereikbaarheid nog per route toetsen
lib/screens/settings/trakt_settings_screen.dart	81	pref: SettingsService.enableTraktWatchedSync,	Code-inventaris; platformvoorwaarden en runtime-bereikbaarheid nog per route toetsen
lib/screens/settings/trakt_settings_screen.dart	83	title: t.trakt.watchedSync,	Code-inventaris; platformvoorwaarden en runtime-bereikbaarheid nog per route toetsen
lib/screens/tv/sections/tv_about_screen.dart	88	title: t.about.title,	Code-inventaris; platformvoorwaarden en runtime-bereikbaarheid nog per route toetsen
lib/screens/tv/sections/tv_about_screen.dart	102	title: t.about.sourceCode,	Code-inventaris; platformvoorwaarden en runtime-bereikbaarheid nog per route toetsen
lib/screens/tv/sections/tv_about_screen.dart	104	onSelect: () => _open(AboutScreen.sourceUrl),	Code-inventaris; platformvoorwaarden en runtime-bereikbaarheid nog per route toetsen
lib/screens/tv/sections/tv_about_screen.dart	109	title: t.about.basedOnPlezy,	Code-inventaris; platformvoorwaarden en runtime-bereikbaarheid nog per route toetsen
lib/screens/tv/sections/tv_about_screen.dart	111	onSelect: () => _open(AboutScreen.upstreamUrl),	Code-inventaris; platformvoorwaarden en runtime-bereikbaarheid nog per route toetsen
lib/screens/tv/sections/tv_about_screen.dart	116	title: t.about.privacyPolicy,	Code-inventaris; platformvoorwaarden en runtime-bereikbaarheid nog per route toetsen
lib/screens/tv/sections/tv_about_screen.dart	117	onSelect: () => _open(AboutScreen.privacyUrl),	Code-inventaris; platformvoorwaarden en runtime-bereikbaarheid nog per route toetsen
lib/screens/tv/sections/tv_about_screen.dart	122	title: t.about.openSourceLicenses,	Code-inventaris; platformvoorwaarden en runtime-bereikbaarheid nog per route toetsen
lib/screens/tv/sections/tv_about_screen.dart	124	onSelect: _openLicenses,	Code-inventaris; platformvoorwaarden en runtime-bereikbaarheid nog per route toetsen
lib/screens/tv/sections/tv_libraries_screen.dart	223	title: kind == MediaKind.show ? t.unifiedCatalog.discovery.allSeries : t.unifiedCatalog.discovery.allMovies,	Code-inventaris; platformvoorwaarden en runtime-bereikbaarheid nog per route toetsen
lib/screens/tv/sections/tv_libraries_screen.dart	245	final confirmed = await showConfirmDialog(context, title: title, message: message, confirmText: t.common.confirm);	Code-inventaris; platformvoorwaarden en runtime-bereikbaarheid nog per route toetsen
lib/screens/tv/sections/tv_libraries_screen.dart	257	title: t.libraries.refreshMetadata,	Code-inventaris; platformvoorwaarden en runtime-bereikbaarheid nog per route toetsen
lib/screens/tv/sections/tv_libraries_screen.dart	258	message: t.libraries.refreshMetadataConfirm(title: library.title),	Code-inventaris; platformvoorwaarden en runtime-bereikbaarheid nog per route toetsen
lib/screens/tv/sections/tv_libraries_screen.dart	260	successMessage: t.messages.metadataRefreshStarted(title: library.title),	Code-inventaris; platformvoorwaarden en runtime-bereikbaarheid nog per route toetsen
lib/screens/tv/sections/tv_libraries_screen.dart	265	title: t.libraries.scanLibrary,	Code-inventaris; platformvoorwaarden en runtime-bereikbaarheid nog per route toetsen
lib/screens/tv/sections/tv_libraries_screen.dart	266	message: t.libraries.scanLibraryConfirm(title: library.title),	Code-inventaris; platformvoorwaarden en runtime-bereikbaarheid nog per route toetsen
lib/screens/tv/sections/tv_libraries_screen.dart	268	successMessage: t.messages.libraryScanStarted(title: library.title),	Code-inventaris; platformvoorwaarden en runtime-bereikbaarheid nog per route toetsen
lib/screens/tv/sections/tv_libraries_screen.dart	273	title: t.libraries.analyzeLibrary,	Code-inventaris; platformvoorwaarden en runtime-bereikbaarheid nog per route toetsen
lib/screens/tv/sections/tv_libraries_screen.dart	274	message: t.libraries.analyzeLibraryConfirm(title: library.title),	Code-inventaris; platformvoorwaarden en runtime-bereikbaarheid nog per route toetsen
lib/screens/tv/sections/tv_libraries_screen.dart	276	successMessage: t.libraries.analysisStarted(title: library.title),	Code-inventaris; platformvoorwaarden en runtime-bereikbaarheid nog per route toetsen
lib/screens/tv/sections/tv_libraries_screen.dart	281	title: t.libraries.emptyTrash,	Code-inventaris; platformvoorwaarden en runtime-bereikbaarheid nog per route toetsen
lib/screens/tv/sections/tv_libraries_screen.dart	282	message: t.libraries.emptyTrashConfirm(title: library.title),	Code-inventaris; platformvoorwaarden en runtime-bereikbaarheid nog per route toetsen
lib/screens/tv/sections/tv_libraries_screen.dart	284	successMessage: t.libraries.trashEmptied(title: library.title),	Code-inventaris; platformvoorwaarden en runtime-bereikbaarheid nog per route toetsen
lib/screens/tv/sections/tv_libraries_screen.dart	310	title: t.libraries.title,	Code-inventaris; platformvoorwaarden en runtime-bereikbaarheid nog per route toetsen
lib/screens/tv/sections/tv_libraries_screen.dart	319	title: t.libraries.title,	Code-inventaris; platformvoorwaarden en runtime-bereikbaarheid nog per route toetsen
lib/screens/tv/sections/tv_libraries_screen.dart	328	onPressed: () => setState(() => _reordering = false),	Code-inventaris; platformvoorwaarden en runtime-bereikbaarheid nog per route toetsen
lib/screens/tv/sections/tv_libraries_screen.dart	357	title: t.libraries.title,	Code-inventaris; platformvoorwaarden en runtime-bereikbaarheid nog per route toetsen
lib/screens/tv/sections/tv_libraries_screen.dart	370	onPressed: refresh,	Code-inventaris; platformvoorwaarden en runtime-bereikbaarheid nog per route toetsen
lib/screens/tv/sections/tv_libraries_screen.dart	382	onPressed: () => setState(() => _reordering = true),	Code-inventaris; platformvoorwaarden en runtime-bereikbaarheid nog per route toetsen
lib/screens/tv/sections/tv_libraries_screen.dart	402	title: library.title,	Code-inventaris; platformvoorwaarden en runtime-bereikbaarheid nog per route toetsen
lib/screens/tv/sections/tv_libraries_screen.dart	407	onSelect: () => _openActionSheet(library, isHidden: hiddenKeys.contains(library.globalKey)),	Code-inventaris; platformvoorwaarden en runtime-bereikbaarheid nog per route toetsen
lib/screens/tv/sections/tv_libraries_screen.dart	516	onPressed: () => setState(() => _movingIndex = isMoving ? null : index),	Code-inventaris; platformvoorwaarden en runtime-bereikbaarheid nog per route toetsen
lib/screens/tv/sections/tv_library_action_sheet.dart	156	onPressed: () => onChoose(actions[index]),	Code-inventaris; platformvoorwaarden en runtime-bereikbaarheid nog per route toetsen
lib/screens/tv/sections/tv_library_action_sheet.dart	163	children: [TvPanelButton(scale: scale, label: t.common.close, onPressed: onClose, primary: false)],	Code-inventaris; platformvoorwaarden en runtime-bereikbaarheid nog per route toetsen
lib/screens/tv/sections/tv_now_watching_screen.dart	107	title: t.nowWatching.title,	Code-inventaris; platformvoorwaarden en runtime-bereikbaarheid nog per route toetsen
lib/screens/tv/sections/tv_servers_page.dart	78	title: t.tvMyPleya.servers,	Code-inventaris; platformvoorwaarden en runtime-bereikbaarheid nog per route toetsen
lib/screens/tv/sections/tv_servers_page.dart	92	title: t.connections.addConnection,	Code-inventaris; platformvoorwaarden en runtime-bereikbaarheid nog per route toetsen
lib/screens/tv/sections/tv_servers_page.dart	96	onSelect: _openAddConnection,	Code-inventaris; platformvoorwaarden en runtime-bereikbaarheid nog per route toetsen
lib/screens/tv/sections/tv_servers_page.dart	101	title: t.pleyaShare.hostTitle,	Code-inventaris; platformvoorwaarden en runtime-bereikbaarheid nog per route toetsen
lib/screens/tv/sections/tv_servers_page.dart	103	onSelect: _openPleyaShare,	Code-inventaris; platformvoorwaarden en runtime-bereikbaarheid nog per route toetsen
lib/screens/tv/sections/tv_servers_page.dart	115	title: server.displayLabel,	Code-inventaris; platformvoorwaarden en runtime-bereikbaarheid nog per route toetsen
lib/screens/tv/sections/tv_servers_page.dart	125	onSelect: () => _disconnect(server),	Code-inventaris; platformvoorwaarden en runtime-bereikbaarheid nog per route toetsen
lib/screens/tv/sections/tv_servers_page.dart	137	title: source.displayLabel,	Code-inventaris; platformvoorwaarden en runtime-bereikbaarheid nog per route toetsen
lib/screens/tv/sections/tv_servers_page.dart	139	onSelect: () => _removeSource(source),	Code-inventaris; platformvoorwaarden en runtime-bereikbaarheid nog per route toetsen
lib/screens/tv/tv_auth_view.dart	207	onSelect: widget.enabled ? widget.onSelected : null,	Code-inventaris; platformvoorwaarden en runtime-bereikbaarheid nog per route toetsen
lib/screens/tv/tv_collection_screen.dart	173	title: t.unifiedCatalog.states.errorTitle,	Code-inventaris; platformvoorwaarden en runtime-bereikbaarheid nog per route toetsen
lib/screens/tv/tv_collection_screen.dart	185	return TvCatalogEmptyState(title: t.collections.empty, body: t.collections.emptyBody);	Code-inventaris; platformvoorwaarden en runtime-bereikbaarheid nog per route toetsen
lib/screens/tv/tv_collection_screen.dart	204	onSelect: () => widget.onSelectItem(item),	Code-inventaris; platformvoorwaarden en runtime-bereikbaarheid nog per route toetsen
lib/screens/tv/tv_collection_screen.dart	332	onPressed: onPlay,	Code-inventaris; platformvoorwaarden en runtime-bereikbaarheid nog per route toetsen
lib/screens/tv/tv_collection_screen.dart	343	onPressed: onShuffle,	Code-inventaris; platformvoorwaarden en runtime-bereikbaarheid nog per route toetsen
lib/screens/tv/tv_collection_screen.dart	355	onPressed: onDelete,	Code-inventaris; platformvoorwaarden en runtime-bereikbaarheid nog per route toetsen
lib/screens/tv/tv_discovery_landing_screen.dart	213	onSelect: _openAllScreen,	Code-inventaris; platformvoorwaarden en runtime-bereikbaarheid nog per route toetsen
lib/screens/tv/tv_discovery_landing_screen.dart	233	// the title: a re-projection reorders rows without losing	Code-inventaris; platformvoorwaarden en runtime-bereikbaarheid nog per route toetsen
lib/screens/tv/tv_discovery_landing_screen.dart	237	title: rails[i].title,	Code-inventaris; platformvoorwaarden en runtime-bereikbaarheid nog per route toetsen
lib/screens/tv/tv_discovery_landing_screen.dart	335	title: t.unifiedCatalog.states.errorTitle,	Code-inventaris; platformvoorwaarden en runtime-bereikbaarheid nog per route toetsen
lib/screens/tv/tv_discovery_landing_screen.dart	342	title: t.unifiedCatalog.discovery.emptyTitle,	Code-inventaris; platformvoorwaarden en runtime-bereikbaarheid nog per route toetsen
lib/screens/tv/tv_discovery_landing_screen.dart	398	TvPanelButton(scale: scale, label: actionLabel!, onPressed: onAction!, primary: true, autofocus: true),	Code-inventaris; platformvoorwaarden en runtime-bereikbaarheid nog per route toetsen
lib/screens/tv/tv_media_source_picker_route.dart	593	title: representative.displayTitle,	Code-inventaris; platformvoorwaarden en runtime-bereikbaarheid nog per route toetsen
lib/screens/tv/tv_media_source_picker_route.dart	740	title: widget.title,	Code-inventaris; platformvoorwaarden en runtime-bereikbaarheid nog per route toetsen
lib/screens/tv/tv_movies_landing_screen.dart	35	title: t.unifiedCatalog.moviesTitle,	Code-inventaris; platformvoorwaarden en runtime-bereikbaarheid nog per route toetsen
lib/screens/tv/tv_movies_screen.dart	55	title: t.unifiedCatalog.discovery.allMovies,	Code-inventaris; platformvoorwaarden en runtime-bereikbaarheid nog per route toetsen
lib/screens/tv/tv_my_pleya_screen.dart	107	title: t.watchlist.title,	Code-inventaris; platformvoorwaarden en runtime-bereikbaarheid nog per route toetsen
lib/screens/tv/tv_my_pleya_screen.dart	115	title: t.seerr.title,	Code-inventaris; platformvoorwaarden en runtime-bereikbaarheid nog per route toetsen
lib/screens/tv/tv_my_pleya_screen.dart	122	title: t.navigation.downloads,	Code-inventaris; platformvoorwaarden en runtime-bereikbaarheid nog per route toetsen
lib/screens/tv/tv_my_pleya_screen.dart	137	title: t.libraries.title,	Code-inventaris; platformvoorwaarden en runtime-bereikbaarheid nog per route toetsen
lib/screens/tv/tv_my_pleya_screen.dart	143	title: t.tvMyPleya.servers,	Code-inventaris; platformvoorwaarden en runtime-bereikbaarheid nog per route toetsen
lib/screens/tv/tv_my_pleya_screen.dart	150	title: t.tvMyPleya.activity,	Code-inventaris; platformvoorwaarden en runtime-bereikbaarheid nog per route toetsen
lib/screens/tv/tv_my_pleya_screen.dart	160	title: t.watchTogether.title,	Code-inventaris; platformvoorwaarden en runtime-bereikbaarheid nog per route toetsen
lib/screens/tv/tv_my_pleya_screen.dart	171	title: t.settings.title,	Code-inventaris; platformvoorwaarden en runtime-bereikbaarheid nog per route toetsen
lib/screens/tv/tv_my_pleya_screen.dart	177	title: t.tvMyPleya.logs,	Code-inventaris; platformvoorwaarden en runtime-bereikbaarheid nog per route toetsen
lib/screens/tv/tv_my_pleya_screen.dart	183	title: t.about.title,	Code-inventaris; platformvoorwaarden en runtime-bereikbaarheid nog per route toetsen
lib/screens/tv/tv_my_pleya_screen.dart	189	title: t.common.logout,	Code-inventaris; platformvoorwaarden en runtime-bereikbaarheid nog per route toetsen
lib/screens/tv/tv_my_pleya_screen.dart	445	onSelect: () => onOpen(tiles[i]),	Code-inventaris; platformvoorwaarden en runtime-bereikbaarheid nog per route toetsen
lib/screens/tv/tv_my_pleya_screen.dart	532	onSelect: onSelect,	Code-inventaris; platformvoorwaarden en runtime-bereikbaarheid nog per route toetsen
lib/screens/tv/tv_my_pleya_screen.dart	553	? t.tvMyPleya.semantics.tile(title: tile.title, subtitle: tile.subtitle)	Code-inventaris; platformvoorwaarden en runtime-bereikbaarheid nog per route toetsen
lib/screens/tv/tv_my_pleya_screen.dart	555	title: tile.title,	Code-inventaris; platformvoorwaarden en runtime-bereikbaarheid nog per route toetsen
lib/screens/tv/tv_my_pleya_screen.dart	708	onSelect: onSwitchProfile,	Code-inventaris; platformvoorwaarden en runtime-bereikbaarheid nog per route toetsen
lib/screens/tv/tv_my_pleya_screen.dart	743	onSelect: onSelect,	Code-inventaris; platformvoorwaarden en runtime-bereikbaarheid nog per route toetsen
lib/screens/tv/tv_offline_home_screen.dart	128	onPressed: widget.isReconnecting ? () {} : widget.onReconnect,	Code-inventaris; platformvoorwaarden en runtime-bereikbaarheid nog per route toetsen
lib/screens/tv/tv_offline_home_screen.dart	139	onPressed: widget.onManageServers,	Code-inventaris; platformvoorwaarden en runtime-bereikbaarheid nog per route toetsen
lib/screens/tv/tv_offline_home_screen.dart	168	title: server.displayLabel,	Code-inventaris; platformvoorwaarden en runtime-bereikbaarheid nog per route toetsen
lib/screens/tv/tv_offline_home_screen.dart	170	onSelect: widget.onManageServers,	Code-inventaris; platformvoorwaarden en runtime-bereikbaarheid nog per route toetsen
lib/screens/tv/tv_person_screen.dart	107	title: t.unifiedCatalog.states.errorTitle,	Code-inventaris; platformvoorwaarden en runtime-bereikbaarheid nog per route toetsen
lib/screens/tv/tv_person_screen.dart	119	return TvCatalogEmptyState(title: t.discover.noContentAvailable, body: '');	Code-inventaris; platformvoorwaarden en runtime-bereikbaarheid nog per route toetsen
lib/screens/tv/tv_person_screen.dart	137	onSelect: () => widget.onSelectItem(item),	Code-inventaris; platformvoorwaarden en runtime-bereikbaarheid nog per route toetsen
lib/screens/tv/tv_profile_gate.dart	96	onSelect: switching ? null : () => onSelect(profiles[i]),	Code-inventaris; platformvoorwaarden en runtime-bereikbaarheid nog per route toetsen
lib/screens/tv/tv_profile_gate.dart	106	onPressed: switching ? () {} : onManageProfiles,	Code-inventaris; platformvoorwaarden en runtime-bereikbaarheid nog per route toetsen
lib/screens/tv/tv_profile_gate.dart	146	onSelect: onSelect,	Code-inventaris; platformvoorwaarden en runtime-bereikbaarheid nog per route toetsen
lib/screens/tv/tv_root_shell.dart	263	onSelect: onSelectDestination,	Code-inventaris; platformvoorwaarden en runtime-bereikbaarheid nog per route toetsen
lib/screens/tv/tv_search_view.dart	240	title: t.search.errorTitle,	Code-inventaris; platformvoorwaarden en runtime-bereikbaarheid nog per route toetsen
lib/screens/tv/tv_search_view.dart	265	title: t.search.nothingOnServersTitle,	Code-inventaris; platformvoorwaarden en runtime-bereikbaarheid nog per route toetsen
lib/screens/tv/tv_search_view.dart	280	title: t.search.searchYourMedia,	Code-inventaris; platformvoorwaarden en runtime-bereikbaarheid nog per route toetsen
lib/screens/tv/tv_search_view.dart	312	child: TvSectionHeader(title: widget.sections[i].title, count: widget.sections[i].count),	Code-inventaris; platformvoorwaarden en runtime-bereikbaarheid nog per route toetsen
lib/screens/tv/tv_search_view.dart	319	onSelect: widget.sections[i].onAction!,	Code-inventaris; platformvoorwaarden en runtime-bereikbaarheid nog per route toetsen
lib/screens/tv/tv_search_view.dart	341	onSelect: onRequests,	Code-inventaris; platformvoorwaarden en runtime-bereikbaarheid nog per route toetsen
lib/screens/tv/tv_seerr_discover_view.dart	366	TvCatalogHeaderBar(title: grid?.title ?? t.seerr.title, tags: _railExpanded ? const [] : _tags()),	Code-inventaris; platformvoorwaarden en runtime-bereikbaarheid nog per route toetsen
lib/screens/tv/tv_seerr_discover_view.dart	439	title: switch (subview) {	Code-inventaris; platformvoorwaarden en runtime-bereikbaarheid nog per route toetsen
lib/screens/tv/tv_seerr_discover_view.dart	514	onPressed: specs[i].open,	Code-inventaris; platformvoorwaarden en runtime-bereikbaarheid nog per route toetsen
lib/screens/tv/tv_seerr_discover_view.dart	533	onPressed: () {	Code-inventaris; platformvoorwaarden en runtime-bereikbaarheid nog per route toetsen
lib/screens/tv/tv_seerr_discover_view.dart	544	onPressed: () {	Code-inventaris; platformvoorwaarden en runtime-bereikbaarheid nog per route toetsen
lib/screens/tv/tv_seerr_discover_view.dart	554	onPressed: () {	Code-inventaris; platformvoorwaarden en runtime-bereikbaarheid nog per route toetsen
lib/screens/tv/tv_seerr_discover_view.dart	565	onPressed: () {	Code-inventaris; platformvoorwaarden en runtime-bereikbaarheid nog per route toetsen
lib/screens/tv/tv_seerr_discover_view.dart	575	onPressed: () {	Code-inventaris; platformvoorwaarden en runtime-bereikbaarheid nog per route toetsen
lib/screens/tv/tv_seerr_discover_view.dart	594	title: error,	Code-inventaris; platformvoorwaarden en runtime-bereikbaarheid nog per route toetsen
lib/screens/tv/tv_seerr_discover_view.dart	613	title: t.seerr.noResults,	Code-inventaris; platformvoorwaarden en runtime-bereikbaarheid nog per route toetsen
lib/screens/tv/tv_seerr_discover_view.dart	644	Expanded(child: TvSectionHeader(title: shelves[i].title)),	Code-inventaris; platformvoorwaarden en runtime-bereikbaarheid nog per route toetsen
lib/screens/tv/tv_seerr_discover_view.dart	649	onSelect: shelves[i].onShowAll,	Code-inventaris; platformvoorwaarden en runtime-bereikbaarheid nog per route toetsen
lib/screens/tv/tv_seerr_discover_view.dart	695	title: t.seerr.noResults,	Code-inventaris; platformvoorwaarden en runtime-bereikbaarheid nog per route toetsen
lib/screens/tv/tv_seerr_discover_view.dart	741	onSelect: () => widget.onActivate(media),	Code-inventaris; platformvoorwaarden en runtime-bereikbaarheid nog per route toetsen
lib/screens/tv/tv_seerr_requests_view.dart	267	TvCatalogHeaderBar(title: widget.title, tags: _railExpanded ? const [] : _tags()),	Code-inventaris; platformvoorwaarden en runtime-bereikbaarheid nog per route toetsen
lib/screens/tv/tv_seerr_requests_view.dart	332	title: t.seerr.railStatus,	Code-inventaris; platformvoorwaarden en runtime-bereikbaarheid nog per route toetsen
lib/screens/tv/tv_seerr_requests_view.dart	340	onPressed: () => _pick(filter),	Code-inventaris; platformvoorwaarden en runtime-bereikbaarheid nog per route toetsen
lib/screens/tv/tv_seerr_requests_view.dart	365	onPressed: () => setState(() => _statusSubview = true),	Code-inventaris; platformvoorwaarden en runtime-bereikbaarheid nog per route toetsen
lib/screens/tv/tv_seerr_requests_view.dart	404	title: t.seerr.errorGeneric,	Code-inventaris; platformvoorwaarden en runtime-bereikbaarheid nog per route toetsen
lib/screens/tv/tv_seerr_requests_view.dart	420	title: t.seerr.noResults,	Code-inventaris; platformvoorwaarden en runtime-bereikbaarheid nog per route toetsen
lib/screens/tv/tv_seerr_requests_view.dart	433	title: t.seerr.noResults,	Code-inventaris; platformvoorwaarden en runtime-bereikbaarheid nog per route toetsen
lib/screens/tv/tv_seerr_requests_view.dart	471	onSelect: () => widget.onActivate(request),	Code-inventaris; platformvoorwaarden en runtime-bereikbaarheid nog per route toetsen
lib/screens/tv/tv_series_landing_screen.dart	32	title: t.unifiedCatalog.seriesTitle,	Code-inventaris; platformvoorwaarden en runtime-bereikbaarheid nog per route toetsen
lib/screens/tv/tv_series_screen.dart	53	title: t.unifiedCatalog.discovery.allSeries,	Code-inventaris; platformvoorwaarden en runtime-bereikbaarheid nog per route toetsen
lib/screens/tv/tv_unified_activation.dart	76	title: representative.title,	Code-inventaris; platformvoorwaarden en runtime-bereikbaarheid nog per route toetsen
lib/screens/tv/tv_unified_catalog_screen.dart	764	TvCatalogHeaderBar(title: widget.title, tags: _railExpanded ? const [] : _selectionTags()),	Code-inventaris; platformvoorwaarden en runtime-bereikbaarheid nog per route toetsen
lib/screens/tv/tv_unified_catalog_screen.dart	836	onPressed: () => _openFilters(initialSection: TvCatalogFilterSection.servers),	Code-inventaris; platformvoorwaarden en runtime-bereikbaarheid nog per route toetsen
lib/screens/tv/tv_unified_catalog_screen.dart	851	onPressed: () => _openFilters(initialSection: TvCatalogFilterSection.status),	Code-inventaris; platformvoorwaarden en runtime-bereikbaarheid nog per route toetsen
lib/screens/tv/tv_unified_catalog_screen.dart	864	onPressed: _openSort,	Code-inventaris; platformvoorwaarden en runtime-bereikbaarheid nog per route toetsen
lib/screens/tv/tv_unified_catalog_screen.dart	897	title: t.unifiedCatalog.states.errorTitle,	Code-inventaris; platformvoorwaarden en runtime-bereikbaarheid nog per route toetsen
lib/screens/tv/tv_unified_catalog_screen.dart	909	title: t.unifiedCatalog.states.filterEmptyTitle,	Code-inventaris; platformvoorwaarden en runtime-bereikbaarheid nog per route toetsen
lib/screens/tv/tv_unified_catalog_screen.dart	926	title: t.unifiedCatalog.states.emptyTitle,	Code-inventaris; platformvoorwaarden en runtime-bereikbaarheid nog per route toetsen
lib/screens/tv/tv_unified_context_menu.dart	149	title: representative.displayTitle,	Code-inventaris; platformvoorwaarden en runtime-bereikbaarheid nog per route toetsen
lib/screens/tv/tv_unified_context_menu.dart	692	onPressed: () => onChooseNavigation(action),	Code-inventaris; platformvoorwaarden en runtime-bereikbaarheid nog per route toetsen
lib/screens/tv/tv_unified_context_menu.dart	721	onPressed: () => onChoose(action),	Code-inventaris; platformvoorwaarden en runtime-bereikbaarheid nog per route toetsen
lib/screens/tv/tv_unified_context_menu.dart	740	_MenuHeader(scale: scale, title: title, year: year, artwork: artwork, metaLine: metaLine),	Code-inventaris; platformvoorwaarden en runtime-bereikbaarheid nog per route toetsen
lib/screens/tv/tv_unified_context_menu.dart	774	onPressed: onChooseExtra!,	Code-inventaris; platformvoorwaarden en runtime-bereikbaarheid nog per route toetsen
lib/screens/tv/tv_unified_context_menu.dart	784	children: [TvPanelButton(scale: scale, label: t.common.close, onPressed: onClose, primary: false)],	Code-inventaris; platformvoorwaarden en runtime-bereikbaarheid nog per route toetsen
lib/screens/tv/tv_watchlist_view.dart	450	TvCatalogHeaderBar(title: t.watchlist.title, tags: _railExpanded ? const [] : _tags()),	Code-inventaris; platformvoorwaarden en runtime-bereikbaarheid nog per route toetsen
lib/screens/tv/tv_watchlist_view.dart	487	title: switch (subview) {	Code-inventaris; platformvoorwaarden en runtime-bereikbaarheid nog per route toetsen
lib/screens/tv/tv_watchlist_view.dart	533	onPressed: () => _openSubview(TvWatchlistRailSubview.kind),	Code-inventaris; platformvoorwaarden en runtime-bereikbaarheid nog per route toetsen
lib/screens/tv/tv_watchlist_view.dart	547	onPressed: () => _openSubview(TvWatchlistRailSubview.availability),	Code-inventaris; platformvoorwaarden en runtime-bereikbaarheid nog per route toetsen
lib/screens/tv/tv_watchlist_view.dart	560	onPressed: () => _openSubview(TvWatchlistRailSubview.sort),	Code-inventaris; platformvoorwaarden en runtime-bereikbaarheid nog per route toetsen
lib/screens/tv/tv_watchlist_view.dart	579	onPressed: () => _apply(selection.copyWith(kind: kind)),	Code-inventaris; platformvoorwaarden en runtime-bereikbaarheid nog per route toetsen
lib/screens/tv/tv_watchlist_view.dart	587	onPressed: () => _apply(selection.copyWith(availableOnly: false)),	Code-inventaris; platformvoorwaarden en runtime-bereikbaarheid nog per route toetsen
lib/screens/tv/tv_watchlist_view.dart	593	onPressed: () => _apply(selection.copyWith(availableOnly: true)),	Code-inventaris; platformvoorwaarden en runtime-bereikbaarheid nog per route toetsen
lib/screens/tv/tv_watchlist_view.dart	602	onPressed: () {	Code-inventaris; platformvoorwaarden en runtime-bereikbaarheid nog per route toetsen
lib/screens/tv/tv_watchlist_view.dart	623	title: t.unifiedCatalog.states.errorTitle,	Code-inventaris; platformvoorwaarden en runtime-bereikbaarheid nog per route toetsen
lib/screens/tv/tv_watchlist_view.dart	639	title: t.watchlist.emptyFiltered,	Code-inventaris; platformvoorwaarden en runtime-bereikbaarheid nog per route toetsen
lib/screens/tv/tv_watchlist_view.dart	652	title: t.watchlist.empty,	Code-inventaris; platformvoorwaarden en runtime-bereikbaarheid nog per route toetsen
lib/screens/tv/tv_watchlist_view.dart	694	onSelect: () => widget.onActivate(entry),	Code-inventaris; platformvoorwaarden en runtime-bereikbaarheid nog per route toetsen
lib/screens/video_player/parts/build.dart	121	onPressed: () {	Code-inventaris; platformvoorwaarden en runtime-bereikbaarheid nog per route toetsen
lib/screens/video_player/parts/build.dart	132	onPressed: () {	Code-inventaris; platformvoorwaarden en runtime-bereikbaarheid nog per route toetsen
lib/screens/video_player/parts/build.dart	147	onPressed: () => unawaited(_handleBackButton()),	Code-inventaris; platformvoorwaarden en runtime-bereikbaarheid nog per route toetsen
lib/screens/video_player/parts/build.dart	149	onPressed: () => unawaited(_handleBackButton()),	Code-inventaris; platformvoorwaarden en runtime-bereikbaarheid nog per route toetsen
lib/screens/video_player/parts/build.dart	160	onPressed: () => _retryWithLowerQuality(lowerPreset),	Code-inventaris; platformvoorwaarden en runtime-bereikbaarheid nog per route toetsen
lib/screens/video_player/parts/build.dart	162	onPressed: () => _retryWithLowerQuality(lowerPreset),	Code-inventaris; platformvoorwaarden en runtime-bereikbaarheid nog per route toetsen
lib/screens/video_player/parts/episode_navigation.dart	211	title: choice.title,	Code-inventaris; platformvoorwaarden en runtime-bereikbaarheid nog per route toetsen
lib/screens/video_player/parts/episode_navigation.dart	223	await TrackPreferenceStore.saveAudio(item, language: choice.language, title: choice.title);	Code-inventaris; platformvoorwaarden en runtime-bereikbaarheid nog per route toetsen
lib/screens/video_player/parts/language_toasts.dart	45	: t.languageSettings.toastRemembered(kind: kind, language: language, title: title))	Code-inventaris; platformvoorwaarden en runtime-bereikbaarheid nog per route toetsen
lib/screens/video_player/parts/language_toasts.dart	52	: (title == null ? null : t.languageSettings.toastSessionOnlyDetail(title: title));	Code-inventaris; platformvoorwaarden en runtime-bereikbaarheid nog per route toetsen
lib/screens/video_player/parts/language_toasts.dart	73	? t.languageSettings.toastFallbackDetailSeries(title: title, wanted: wanted)	Code-inventaris; platformvoorwaarden en runtime-bereikbaarheid nog per route toetsen
lib/screens/video_player/parts/live_tv.dart	154	title: t.liveTv.joinSession,	Code-inventaris; platformvoorwaarden en runtime-bereikbaarheid nog per route toetsen
lib/screens/video_player/widgets/player_prompt_overlays.dart	215	onPressed: onCancel,	Code-inventaris; platformvoorwaarden en runtime-bereikbaarheid nog per route toetsen
lib/screens/video_player/widgets/player_prompt_overlays.dart	221	onPressed: onCancel,	Code-inventaris; platformvoorwaarden en runtime-bereikbaarheid nog per route toetsen
lib/screens/video_player/widgets/player_prompt_overlays.dart	235	onPressed: onPlayNext,	Code-inventaris; platformvoorwaarden en runtime-bereikbaarheid nog per route toetsen
lib/screens/video_player/widgets/player_prompt_overlays.dart	241	onPressed: onPlayNext,	Code-inventaris; platformvoorwaarden en runtime-bereikbaarheid nog per route toetsen
lib/screens/video_player/widgets/player_prompt_overlays.dart	379	onPressed: onPause,	Code-inventaris; platformvoorwaarden en runtime-bereikbaarheid nog per route toetsen
lib/screens/video_player/widgets/player_prompt_overlays.dart	385	onPressed: onPause,	Code-inventaris; platformvoorwaarden en runtime-bereikbaarheid nog per route toetsen
lib/screens/video_player/widgets/player_prompt_overlays.dart	399	onPressed: onContinue,	Code-inventaris; platformvoorwaarden en runtime-bereikbaarheid nog per route toetsen
lib/screens/video_player/widgets/player_prompt_overlays.dart	405	onPressed: onContinue,	Code-inventaris; platformvoorwaarden en runtime-bereikbaarheid nog per route toetsen
lib/screens/video_player_screen.dart	1205	title: t.watchTogether.leaveSessionQuestion,	Code-inventaris; platformvoorwaarden en runtime-bereikbaarheid nog per route toetsen
lib/screens/watchlist_screen.dart	189	title: entry.item.displayTitle,	Code-inventaris; platformvoorwaarden en runtime-bereikbaarheid nog per route toetsen
lib/screens/watchlist_screen.dart	233	CustomAppBar(title: Text(t.watchlist.title), automaticallyImplyLeading: false),	Code-inventaris; platformvoorwaarden en runtime-bereikbaarheid nog per route toetsen
lib/screens/watchlist_screen.dart	252	title: all.isEmpty ? t.watchlist.empty : t.watchlist.emptyFiltered,	Code-inventaris; platformvoorwaarden en runtime-bereikbaarheid nog per route toetsen
lib/screens/watchlist_screen.dart	382	onTap: () => _openSheet(provider, entry),	Code-inventaris; platformvoorwaarden en runtime-bereikbaarheid nog per route toetsen
lib/screens/watchlist_screen.dart	447	onPressed: widget.onFiltersPressed,	Code-inventaris; platformvoorwaarden en runtime-bereikbaarheid nog per route toetsen
lib/screens/watchlist_screen.dart	459	onPressed: widget.onSortPressed,	Code-inventaris; platformvoorwaarden en runtime-bereikbaarheid nog per route toetsen
lib/watch_together/screens/watch_together_screen.dart	78	title: Text(t.watchTogether.title),	Code-inventaris; platformvoorwaarden en runtime-bereikbaarheid nog per route toetsen
lib/watch_together/screens/watch_together_screen.dart	217	onPressed: _isBusy ? null : _createSession,	Code-inventaris; platformvoorwaarden en runtime-bereikbaarheid nog per route toetsen
lib/watch_together/screens/watch_together_screen.dart	219	onPressed: _isBusy ? null : _createSession,	Code-inventaris; platformvoorwaarden en runtime-bereikbaarheid nog per route toetsen
lib/watch_together/screens/watch_together_screen.dart	229	onPressed: _isBusy ? null : _joinSession,	Code-inventaris; platformvoorwaarden en runtime-bereikbaarheid nog per route toetsen
lib/watch_together/screens/watch_together_screen.dart	231	onPressed: _isBusy ? null : _joinSession,	Code-inventaris; platformvoorwaarden en runtime-bereikbaarheid nog per route toetsen
lib/watch_together/screens/watch_together_screen.dart	249	onTap: () => _enterRoom(room),	Code-inventaris; platformvoorwaarden en runtime-bereikbaarheid nog per route toetsen
lib/watch_together/screens/watch_together_screen.dart	279	title: t.watchTogether.title,	Code-inventaris; platformvoorwaarden en runtime-bereikbaarheid nog per route toetsen
lib/watch_together/screens/watch_together_screen.dart	318	title: _isCreating ? t.watchTogether.creating : t.watchTogether.createSession,	Code-inventaris; platformvoorwaarden en runtime-bereikbaarheid nog per route toetsen
lib/watch_together/screens/watch_together_screen.dart	320	onSelect: _isBusy ? null : _createSession,	Code-inventaris; platformvoorwaarden en runtime-bereikbaarheid nog per route toetsen
lib/watch_together/screens/watch_together_screen.dart	325	title: _isJoining ? t.watchTogether.joining : t.watchTogether.joinSession,	Code-inventaris; platformvoorwaarden en runtime-bereikbaarheid nog per route toetsen
lib/watch_together/screens/watch_together_screen.dart	327	onSelect: _isBusy ? null : _joinSession,	Code-inventaris; platformvoorwaarden en runtime-bereikbaarheid nog per route toetsen
lib/watch_together/screens/watch_together_screen.dart	339	title: room.name ?? room.code,	Code-inventaris; platformvoorwaarden en runtime-bereikbaarheid nog per route toetsen
lib/watch_together/screens/watch_together_screen.dart	345	onSelect: _isBusy ? null : () => _enterRoom(room),	Code-inventaris; platformvoorwaarden en runtime-bereikbaarheid nog per route toetsen
lib/watch_together/screens/watch_together_screen.dart	412	title: Text(t.watchTogether.controlMode),	Code-inventaris; platformvoorwaarden en runtime-bereikbaarheid nog per route toetsen
lib/watch_together/screens/watch_together_screen.dart	415	DialogActionButton(onPressed: () => Navigator.pop(context), label: t.common.cancel),	Code-inventaris; platformvoorwaarden en runtime-bereikbaarheid nog per route toetsen
lib/watch_together/screens/watch_together_screen.dart	417	onPressed: () => Navigator.pop(context, ControlMode.hostOnly),	Code-inventaris; platformvoorwaarden en runtime-bereikbaarheid nog per route toetsen
lib/watch_together/screens/watch_together_screen.dart	421	onPressed: () => Navigator.pop(context, ControlMode.anyone),	Code-inventaris; platformvoorwaarden en runtime-bereikbaarheid nog per route toetsen
lib/watch_together/screens/watch_together_screen.dart	547	title: Text(t.watchTogether.renameRoom),	Code-inventaris; platformvoorwaarden en runtime-bereikbaarheid nog per route toetsen
lib/watch_together/screens/watch_together_screen.dart	559	onPressed: () => Navigator.pop(context),	Code-inventaris; platformvoorwaarden en runtime-bereikbaarheid nog per route toetsen
lib/watch_together/screens/watch_together_screen.dart	565	onPressed: () => _submit(_controller.text),	Code-inventaris; platformvoorwaarden en runtime-bereikbaarheid nog per route toetsen
lib/watch_together/screens/watch_together_screen.dart	607	onSelect: isBusy ? null : onTap,	Code-inventaris; platformvoorwaarden en runtime-bereikbaarheid nog per route toetsen
lib/watch_together/screens/watch_together_screen.dart	614	title: Text(title, maxLines: 1, overflow: .ellipsis),	Code-inventaris; platformvoorwaarden en runtime-bereikbaarheid nog per route toetsen
lib/watch_together/screens/watch_together_screen.dart	621	trailing: IconButton(icon: const Icon(Symbols.more_vert_rounded), onPressed: () => _showActions(context)),	Code-inventaris; platformvoorwaarden en runtime-bereikbaarheid nog per route toetsen
lib/watch_together/screens/watch_together_screen.dart	622	onTap: isBusy ? null : onTap,	Code-inventaris; platformvoorwaarden en runtime-bereikbaarheid nog per route toetsen
lib/watch_together/screens/watch_together_screen.dart	798	onPressed: () => _leaveSession(context),	Code-inventaris; platformvoorwaarden en runtime-bereikbaarheid nog per route toetsen
lib/watch_together/screens/watch_together_screen.dart	800	onPressed: () => _leaveSession(context),	Code-inventaris; platformvoorwaarden en runtime-bereikbaarheid nog per route toetsen
lib/watch_together/screens/watch_together_screen.dart	817	title: watchTogether.isHost ? t.watchTogether.endSessionQuestion : t.watchTogether.leaveSessionQuestion,	Code-inventaris; platformvoorwaarden en runtime-bereikbaarheid nog per route toetsen
lib/watch_together/screens/watch_together_screen.dart	909	onPressed: _isJoining ? null : _joinCurrentPlayback,	Code-inventaris; platformvoorwaarden en runtime-bereikbaarheid nog per route toetsen
lib/watch_together/screens/watch_together_screen.dart	911	onPressed: _isJoining ? null : _joinCurrentPlayback,	Code-inventaris; platformvoorwaarden en runtime-bereikbaarheid nog per route toetsen
lib/watch_together/screens/watch_together_screen.dart	938	onSelect: () => _copySessionCode(context),	Code-inventaris; platformvoorwaarden en runtime-bereikbaarheid nog per route toetsen
lib/watch_together/screens/watch_together_screen.dart	940	onTap: () => _copySessionCode(context),	Code-inventaris; platformvoorwaarden en runtime-bereikbaarheid nog per route toetsen
